2025-04-22 09:32:14.970 [main] INFO  network.TCPServer - Сервер запущен на порту 8000
2025-04-22 09:32:14.973 [Thread-0] INFO  network.TCPServer - Доступен интерактивный режим админа
2025-04-22 09:32:26.258 [main] INFO  network.TCPServer - Подключение от клиента №1
2025-04-22 09:32:44.180 [Thread-1] INFO  network.TCPServer - Получен запрос: (type = INITIAL_COMMAND, commandName = info, arguments = [], humanBeing = null)
2025-04-22 09:32:44.180 [Thread-1] INFO  network.TCPServer - Запрос на выполнение команды: info - вывести информацию о коллекции;
2025-04-22 09:32:44.181 [Thread-1] INFO  network.TCPServer - Сформирован ответ клиенту: (type = INFO, success = true, message = Type - ArrayDeque
Creation dat...)
2025-04-22 09:33:06.055 [Thread-1] INFO  network.TCPServer - Получен запрос: (type = INITIAL_COMMAND, commandName = show, arguments = [], humanBeing = null)
2025-04-22 09:33:06.055 [Thread-1] INFO  network.TCPServer - Запрос на выполнение команды: show - вывести все элементы коллекции;
2025-04-22 09:33:06.067 [Thread-1] INFO  network.TCPServer - Сформирован ответ клиенту: (type = INFO, success = true, message = Работник:
  ID: 8
  Имя: oleg
...)
2025-04-22 09:33:24.464 [Thread-1] INFO  network.TCPServer - Получен запрос: (type = INITIAL_COMMAND, commandName = asfas, arguments = [], humanBeing = null)
2025-04-22 09:33:24.464 [Thread-1] WARN  network.TCPServer - Сформирован ответ клиенту: (type = ERROR, success = false, message = Введена некорректная команда!)
2025-04-22 09:44:03.334 [main] INFO  network.TCPServer - Сервер запущен на порту 8000
2025-04-22 09:44:03.337 [Thread-0] INFO  network.TCPServer - Доступен интерактивный режим админа
2025-04-22 09:44:09.193 [main] INFO  network.TCPServer - Подключение от клиента №1
2025-04-22 09:44:19.740 [Thread-1] INFO  network.TCPServer - Получен запрос: (type = INITIAL_COMMAND, commandName = info, arguments = [], humanBeing = null)
2025-04-22 09:44:19.741 [Thread-1] INFO  network.TCPServer - Запрос на выполнение команды: info - вывести информацию о коллекции;
2025-04-22 09:44:19.742 [Thread-1] INFO  network.TCPServer - Сформирован ответ клиенту: (type = INFO, success = true, message = Type - ArrayDeque
Creation dat...)
2025-04-22 09:44:22.283 [Thread-1] INFO  network.TCPServer - Получен запрос: (type = INITIAL_COMMAND, commandName = show, arguments = [], humanBeing = null)
2025-04-22 09:44:22.284 [Thread-1] INFO  network.TCPServer - Запрос на выполнение команды: show - вывести все элементы коллекции;
2025-04-22 09:44:22.293 [Thread-1] INFO  network.TCPServer - Сформирован ответ клиенту: (type = INFO, success = true, message = Работник:
  ID: 8
  Имя: oleg
...)
2025-04-22 09:44:23.762 [Thread-1] INFO  network.TCPServer - Получен запрос: (type = INITIAL_COMMAND, commandName = add, arguments = [], humanBeing = null)
2025-04-22 09:44:23.763 [Thread-1] INFO  network.TCPServer - Запрос на выполнение команды: add - добавить новый элемент в коллекцию;
2025-04-22 09:44:23.763 [Thread-1] INFO  network.TCPServer - Сформирован ответ клиенту: (type = NEED_WORKER, success = false, message = Требуется ввести данные о рабо...)
2025-04-22 09:44:49.470 [Thread-1] ERROR network.TCPServer - Ошибка при обработке соединения: null
2025-04-22 09:44:49.471 [Thread-1] INFO  network.TCPServer - Соединение с клиентом закрыто!
2025-04-22 09:44:49.472 [main] INFO  network.TCPServer - Подключение от клиента №2
2025-04-22 09:44:49.473 [Thread-2] ERROR network.TCPServer - Ошибка при обработке соединения: null
2025-04-22 09:44:49.474 [main] INFO  network.TCPServer - Подключение от клиента №3
2025-04-22 09:44:49.474 [Thread-2] INFO  network.TCPServer - Соединение с клиентом закрыто!
2025-04-22 09:47:38.954 [main] INFO  network.TCPServer - Сервер запущен на порту 8000
2025-04-22 09:47:38.957 [Thread-0] INFO  network.TCPServer - Доступен интерактивный режим админа
2025-04-22 09:47:40.579 [main] INFO  network.TCPServer - Подключение от клиента №1
2025-04-22 09:47:42.623 [Thread-1] INFO  network.TCPServer - Получен запрос: (type = INITIAL_COMMAND, commandName = add, arguments = [], humanBeing = null)
2025-04-22 09:47:42.623 [Thread-1] INFO  network.TCPServer - Запрос на выполнение команды: add - добавить новый элемент в коллекцию;
2025-04-22 09:47:42.624 [Thread-1] INFO  network.TCPServer - Сформирован ответ клиенту: (type = NEED_WORKER, success = false, message = Требуется ввести данные о рабо...)
2025-04-22 09:48:01.623 [Thread-1] INFO  network.TCPServer - Получены данные о работнике: Работник:
  ID: не установлен
  Имя: adas
  Координаты: (x, y) : (12.0, 12)
  Дата создания: не указана
  Зарплата: 12
  Дата начала работы: 11-11-1111 00:00
  Дата окончания работы: 11-11-1111 00:00 MSK
  Должность: Пекарь
  Информация о человеке:
    	Рост: 1290.0
	Вес: 12313.0

2025-04-22 09:48:01.624 [Thread-1] INFO  network.TCPServer - Сформирован ответ клиенту: (type = null, success = true, message = Работник добавлен в коллекцию)
2025-04-22 09:48:10.688 [Thread-1] INFO  network.TCPServer - Получен запрос: (type = INITIAL_COMMAND, commandName = show, arguments = [], humanBeing = null)
2025-04-22 09:48:10.688 [Thread-1] INFO  network.TCPServer - Запрос на выполнение команды: show - вывести все элементы коллекции;
2025-04-22 09:48:10.691 [Thread-1] INFO  network.TCPServer - Сформирован ответ клиенту: (type = INFO, success = true, message = Работник:
  ID: 9
  Имя: adas
...)
2025-04-22 09:48:41.398 [Thread-1] INFO  network.TCPServer - Получен запрос: (type = INITIAL_COMMAND, commandName = add, arguments = [], humanBeing = null)
2025-04-22 09:48:41.399 [Thread-1] INFO  network.TCPServer - Запрос на выполнение команды: add - добавить новый элемент в коллекцию;
2025-04-22 09:48:41.399 [Thread-1] INFO  network.TCPServer - Сформирован ответ клиенту: (type = NEED_WORKER, success = false, message = Требуется ввести данные о рабо...)
2025-04-22 09:49:02.453 [Thread-1] INFO  network.TCPServer - Получены данные о работнике: Работник:
  ID: не установлен
  Имя: ybrbnj
  Координаты: (x, y) : (12.0, 1)
  Дата создания: не указана
  Зарплата: 1
  Дата начала работы: 11-11-1111 00:00
  Дата окончания работы: не указана
  Должность: Пекарь
  Информация о человеке:
    	Рост: 1.0

2025-04-22 09:49:02.454 [Thread-1] INFO  network.TCPServer - Сформирован ответ клиенту: (type = null, success = true, message = Работник добавлен в коллекцию)
2025-04-22 09:49:10.059 [Thread-1] INFO  network.TCPServer - Получен запрос: (type = INITIAL_COMMAND, commandName = show, arguments = [], humanBeing = null)
2025-04-22 09:49:10.060 [Thread-1] INFO  network.TCPServer - Запрос на выполнение команды: show - вывести все элементы коллекции;
2025-04-22 09:49:10.061 [Thread-1] INFO  network.TCPServer - Сформирован ответ клиенту: (type = INFO, success = true, message = Работник:
  ID: 9
  Имя: adas
...)
2025-04-22 09:49:28.522 [Thread-1] INFO  network.TCPServer - Получен запрос: (type = INITIAL_COMMAND, commandName = add, arguments = [], humanBeing = null)
2025-04-22 09:49:28.523 [Thread-1] INFO  network.TCPServer - Запрос на выполнение команды: add - добавить новый элемент в коллекцию;
2025-04-22 09:49:28.523 [Thread-1] INFO  network.TCPServer - Сформирован ответ клиенту: (type = NEED_WORKER, success = false, message = Требуется ввести данные о рабо...)
2025-04-22 09:49:53.171 [Thread-1] ERROR network.TCPServer - Ошибка при обработке соединения: [java.sql/java.sql.Date.toInstant(Date.java:316), mainClasses.Car.toString(Person.java:94), mainClasses.HumanBeing.toString(Worker.java:225), network.TCPServer.handleConnection(TCPServer.java:92), network.TCPServer.lambda$start$0(TCPServer.java:52), java.base/java.lang.Thread.run(Thread.java:842)]
2025-04-22 09:49:53.172 [Thread-1] INFO  network.TCPServer - Соединение с клиентом закрыто!
2025-04-22 09:49:53.173 [main] INFO  network.TCPServer - Подключение от клиента №2
2025-04-22 09:49:53.174 [Thread-2] ERROR network.TCPServer - Ошибка при обработке соединения: [java.base/java.io.ObjectInputStream$BlockDataInputStream.peekByte(ObjectInputStream.java:3225), java.base/java.io.ObjectInputStream.readObject0(ObjectInputStream.java:1695), java.base/java.io.ObjectInputStream.readObject(ObjectInputStream.java:514), java.base/java.io.ObjectInputStream.readObject(ObjectInputStream.java:472), network.TCPServer.handleConnection(TCPServer.java:68), network.TCPServer.lambda$start$0(TCPServer.java:52), java.base/java.lang.Thread.run(Thread.java:842)]
2025-04-22 09:49:53.175 [main] INFO  network.TCPServer - Подключение от клиента №3
2025-04-22 09:49:53.175 [Thread-2] INFO  network.TCPServer - Соединение с клиентом закрыто!
2025-04-22 14:24:33.762 [main] INFO  network.TCPServer - Сервер запущен на порту 8000
2025-04-22 14:24:33.764 [Thread-0] INFO  network.TCPServer - Доступен интерактивный режим админа
2025-04-22 14:24:35.346 [main] INFO  network.TCPServer - Подключение от клиента №1
2025-04-22 14:24:37.792 [Thread-1] INFO  network.TCPServer - Получен запрос: (type = INITIAL_COMMAND, commandName = help, arguments = [], humanBeing = null)
2025-04-22 14:24:37.792 [Thread-1] INFO  network.TCPServer - Запрос на выполнение команды: help - вывести справку по доступным командам;
2025-04-22 14:24:37.793 [Thread-1] INFO  network.TCPServer - Сформирован ответ клиенту: (type = INFO, success = true, message = Доступные команды:
add - добав...)
2025-04-22 14:24:46.207 [Thread-1] INFO  network.TCPServer - Получен запрос: (type = INITIAL_COMMAND, commandName = info, arguments = [], humanBeing = null)
2025-04-22 14:24:46.207 [Thread-1] INFO  network.TCPServer - Запрос на выполнение команды: info - вывести информацию о коллекции;
2025-04-22 14:24:46.208 [Thread-1] INFO  network.TCPServer - Сформирован ответ клиенту: (type = INFO, success = true, message = Type - ArrayDeque
Creation dat...)
2025-04-22 14:24:55.313 [Thread-1] INFO  network.TCPServer - Получен запрос: (type = INITIAL_COMMAND, commandName = add, arguments = [], humanBeing = null)
2025-04-22 14:24:55.313 [Thread-1] INFO  network.TCPServer - Запрос на выполнение команды: add - добавить новый элемент в коллекцию;
2025-04-22 14:24:55.314 [Thread-1] INFO  network.TCPServer - Сформирован ответ клиенту: (type = NEED_WORKER, success = false, message = Требуется ввести данные о рабо...)
2025-04-22 14:25:19.030 [Thread-1] ERROR network.TCPServer - Ошибка при обработке соединения: [java.sql/java.sql.Date.toInstant(Date.java:316), mainClasses.Car.toString(Person.java:94), mainClasses.HumanBeing.toString(Worker.java:225), network.TCPServer.handleConnection(TCPServer.java:92), network.TCPServer.lambda$start$0(TCPServer.java:52), java.base/java.lang.Thread.run(Thread.java:842)]
2025-04-22 14:25:19.031 [Thread-1] INFO  network.TCPServer - Соединение с клиентом закрыто!
2025-04-22 14:25:19.032 [main] INFO  network.TCPServer - Подключение от клиента №2
2025-04-22 14:25:19.033 [Thread-2] ERROR network.TCPServer - Ошибка при обработке соединения: [java.base/java.io.ObjectInputStream$BlockDataInputStream.peekByte(ObjectInputStream.java:3225), java.base/java.io.ObjectInputStream.readObject0(ObjectInputStream.java:1695), java.base/java.io.ObjectInputStream.readObject(ObjectInputStream.java:514), java.base/java.io.ObjectInputStream.readObject(ObjectInputStream.java:472), network.TCPServer.handleConnection(TCPServer.java:68), network.TCPServer.lambda$start$0(TCPServer.java:52), java.base/java.lang.Thread.run(Thread.java:842)]
2025-04-22 14:25:19.033 [main] INFO  network.TCPServer - Подключение от клиента №3
2025-04-22 14:25:19.034 [Thread-2] INFO  network.TCPServer - Соединение с клиентом закрыто!
2025-04-22 14:31:29.797 [main] INFO  network.TCPServer - Сервер запущен на порту 8000
2025-04-22 14:31:29.800 [Thread-0] INFO  network.TCPServer - Доступен интерактивный режим админа
2025-04-22 14:31:31.958 [main] INFO  network.TCPServer - Подключение от клиента №1
2025-04-22 14:31:34.935 [Thread-1] INFO  network.TCPServer - Получен запрос: (type = INITIAL_COMMAND, commandName = add, arguments = [], humanBeing = null)
2025-04-22 14:31:34.936 [Thread-1] INFO  network.TCPServer - Запрос на выполнение команды: add - добавить новый элемент в коллекцию;
2025-04-22 14:31:34.937 [Thread-1] INFO  network.TCPServer - Сформирован ответ клиенту: (type = NEED_WORKER, success = false, message = Требуется ввести данные о рабо...)
2025-04-22 14:31:56.295 [Thread-1] INFO  network.TCPServer - Получены данные о работнике: Работник:
  ID: не установлен
  Имя: qweqw
  Координаты: (x, y) : (11.0, 11)
  Дата создания: не указана
  Зарплата: 11
  Дата начала работы: 11-11-1111 00:00
  Дата окончания работы: 11-11-1111 00:00 MSK
  Должность: Пекарь
  Информация о человеке:
    Дата рождения: 1111-11-11
	Рост: 110.0
	Вес: 11.0

2025-04-22 14:31:56.296 [Thread-1] INFO  network.TCPServer - Сформирован ответ клиенту: (type = null, success = true, message = Работник добавлен в коллекцию)
2025-04-22 14:32:06.993 [Thread-1] INFO  network.TCPServer - Получен запрос: (type = INITIAL_COMMAND, commandName = show, arguments = [], humanBeing = null)
2025-04-22 14:32:06.994 [Thread-1] INFO  network.TCPServer - Запрос на выполнение команды: show - вывести все элементы коллекции;
2025-04-22 14:32:06.999 [Thread-1] INFO  network.TCPServer - Сформирован ответ клиенту: (type = INFO, success = true, message = Работник:
  ID: 8
  Имя: oleg
...)
2025-04-22 14:32:33.664 [Thread-0] INFO  network.TCPServer - Выполнение команды администратора: save
2025-04-22 14:32:49.213 [Thread-0] INFO  network.TCPServer - Выполнение команды администратора: remove_by_id
2025-04-22 14:32:53.596 [Thread-0] INFO  network.TCPServer - Выполнение команды администратора: save
2025-04-22 20:23:04.552 [main] INFO  network.TCPServer - Сервер запущен на порту 5555
2025-04-22 20:23:04.556 [Thread-0] INFO  network.TCPServer - Доступен интерактивный режим админа
2025-04-22 20:23:11.210 [main] INFO  network.TCPServer - Подключение от клиента №1
2025-04-22 20:23:16.730 [Thread-1] INFO  network.TCPServer - Получен запрос: (type = INITIAL_COMMAND, commandName = info, arguments = [], humanBeing = null)
2025-04-22 20:23:16.731 [Thread-1] INFO  network.TCPServer - Запрос на выполнение команды: info - вывести информацию о коллекции;
2025-04-22 20:23:16.732 [Thread-1] INFO  network.TCPServer - Сформирован ответ клиенту: (type = INFO, success = true, message = Type - ArrayDeque
Creation dat...)
2025-04-22 20:23:22.900 [Thread-1] INFO  network.TCPServer - Получен запрос: (type = INITIAL_COMMAND, commandName = show, arguments = [], humanBeing = null)
2025-04-22 20:23:22.901 [Thread-1] INFO  network.TCPServer - Запрос на выполнение команды: show - вывести все элементы коллекции;
2025-04-22 20:23:22.916 [Thread-1] INFO  network.TCPServer - Сформирован ответ клиенту: (type = INFO, success = true, message = Работник:
  ID: 8
  Имя: oleg
...)
2025-04-22 20:23:33.051 [Thread-1] INFO  network.TCPServer - Получен запрос: (type = INITIAL_COMMAND, commandName = help, arguments = [], humanBeing = null)
2025-04-22 20:23:33.051 [Thread-1] INFO  network.TCPServer - Запрос на выполнение команды: help - вывести справку по доступным командам;
2025-04-22 20:23:33.052 [Thread-1] INFO  network.TCPServer - Сформирован ответ клиенту: (type = INFO, success = true, message = Доступные команды:
add - добав...)
2025-04-22 20:23:43.192 [Thread-1] INFO  network.TCPServer - Получен запрос: (type = INITIAL_COMMAND, commandName = print_field_ascending_salary, arguments = [], humanBeing = null)
2025-04-22 20:23:43.192 [Thread-1] INFO  network.TCPServer - Запрос на выполнение команды: print_field_ascending_salary - вывести значения поля salary всех элементов в порядке возрастания;
2025-04-22 20:23:43.197 [Thread-1] INFO  network.TCPServer - Сформирован ответ клиенту: (type = INFO, success = true, message = 45000, 47000, 48000, 52000, 55...)
2025-04-22 20:24:12.334 [Thread-1] INFO  network.TCPServer - Получен запрос: (type = INITIAL_COMMAND, commandName = min_by_creation_date, arguments = [], humanBeing = null)
2025-04-22 20:24:12.334 [Thread-1] INFO  network.TCPServer - Запрос на выполнение команды: min_by_creation_date - вывести объект из коллекции, значение поля creationDate которого является минимальным;
2025-04-22 20:24:12.335 [Thread-1] INFO  network.TCPServer - Сформирован ответ клиенту: (type = INFO, success = true, message = Optional[Работник:
  ID: 1
  И...)
2025-04-22 20:24:28.884 [Thread-1] INFO  network.TCPServer - Получен запрос: (type = INITIAL_COMMAND, commandName = sum_of_salary, arguments = [], humanBeing = null)
2025-04-22 20:24:28.884 [Thread-1] INFO  network.TCPServer - Запрос на выполнение команды: sum_of_salary - вывести сумму значений поля salary для всех элементов коллекции;
2025-04-22 20:24:28.886 [Thread-1] INFO  network.TCPServer - Сформирован ответ клиенту: (type = INFO, success = true, message = Сумма зарплат: 1259021)
2025-04-22 21:53:29.387 [Thread-0] INFO  NewTCPServer - Доступен интерактивный режим админа
2025-04-22 21:53:40.329 [Thread-0] INFO  NewTCPServer - Выполнение команды администратора: info
2025-04-22 21:53:44.296 [Thread-0] INFO  NewTCPServer - Выполнение команды администратора: show
2025-04-22 22:26:19.165 [main] INFO  network.TCPServer - Сервер запущен на порту 5555
2025-04-22 22:26:19.168 [Thread-0] INFO  network.TCPServer - Доступен интерактивный режим админа
2025-04-22 22:26:25.077 [main] INFO  network.TCPServer - Подключение от клиента №1
2025-04-22 22:26:25.077 [main] ERROR network.TCPServer - Invalid object size: -1393754107
2025-04-22 22:26:25.078 [main] INFO  network.TCPServer - Соединение закрыто
2025-04-22 22:27:45.547 [main] INFO  network.TCPServer - Сервер запущен на порту 5555
2025-04-22 22:27:45.550 [Thread-0] INFO  network.TCPServer - Доступен интерактивный режим админа
2025-04-22 22:27:49.078 [main] INFO  network.TCPServer - Подключение от клиента №1
2025-04-22 22:27:52.848 [Thread-1] ERROR network.TCPServer - Ошибка при обработке соединения: [java.base/java.io.ObjectInputStream.readObject0(ObjectInputStream.java:1759), java.base/java.io.ObjectInputStream.readObject(ObjectInputStream.java:514), java.base/java.io.ObjectInputStream.readObject(ObjectInputStream.java:472), network.TCPServer.handleConnection(TCPServer.java:69), network.TCPServer.lambda$start$0(TCPServer.java:52), java.base/java.lang.Thread.run(Thread.java:842)]
2025-04-22 22:27:52.849 [Thread-1] INFO  network.TCPServer - Соединение с клиентом закрыто!
2025-04-22 22:28:08.101 [main] INFO  network.TCPServer - Подключение от клиента №2
2025-04-22 22:28:11.365 [Thread-2] ERROR network.TCPServer - Ошибка при обработке соединения: [java.base/java.io.ObjectInputStream.readObject0(ObjectInputStream.java:1759), java.base/java.io.ObjectInputStream.readObject(ObjectInputStream.java:514), java.base/java.io.ObjectInputStream.readObject(ObjectInputStream.java:472), network.TCPServer.handleConnection(TCPServer.java:69), network.TCPServer.lambda$start$0(TCPServer.java:52), java.base/java.lang.Thread.run(Thread.java:842)]
2025-04-22 22:28:11.366 [Thread-2] INFO  network.TCPServer - Соединение с клиентом закрыто!
2025-04-22 22:28:34.628 [main] INFO  network.TCPServer - Подключение от клиента №3
2025-04-22 22:28:38.581 [Thread-3] INFO  network.TCPServer - Получен запрос: (type = INITIAL_COMMAND, commandName = help, arguments = [], humanBeing = null)
2025-04-22 22:28:38.582 [Thread-3] INFO  network.TCPServer - Запрос на выполнение команды: help - вывести справку по доступным командам;
2025-04-22 22:28:38.583 [Thread-3] INFO  network.TCPServer - Сформирован ответ клиенту: (type = INFO, success = true, message = Доступные команды:
add - добав...)
2025-04-22 22:28:40.800 [Thread-3] INFO  network.TCPServer - Получен запрос: (type = INITIAL_COMMAND, commandName = info, arguments = [], humanBeing = null)
2025-04-22 22:28:40.801 [Thread-3] INFO  network.TCPServer - Запрос на выполнение команды: info - вывести информацию о коллекции;
2025-04-22 22:28:40.801 [Thread-3] INFO  network.TCPServer - Сформирован ответ клиенту: (type = INFO, success = true, message = Type - ArrayDeque
Creation dat...)
2025-04-22 22:29:00.923 [Thread-3] INFO  network.TCPServer - Получен запрос: (type = SCRIPT_TRANSFER, commandName = execute_script, arguments = [client/src/script1.txt], humanBeing = null)
2025-04-22 22:29:00.923 [Thread-3] INFO  network.TCPServer - Начало выполнения скрипта: client/src/script1.txt
2025-04-22 22:29:00.942 [Thread-3] INFO  network.TCPServer - Сформирован ответ клиенту: (type = INFO, success = false, message = === Начало выполнения скрипта ...)
2025-04-22 22:31:46.495 [main] INFO  network.TCPServer - Сервер запущен на порту 5555
2025-04-22 22:31:46.498 [Thread-0] INFO  network.TCPServer - Доступен интерактивный режим админа
2025-04-22 22:31:48.110 [main] INFO  network.TCPServer - Подключение от клиента №1
2025-04-22 22:31:52.126 [Thread-1] INFO  network.TCPServer - Получен запрос: (type = INITIAL_COMMAND, commandName = help, arguments = [], humanBeing = null)
2025-04-22 22:31:52.127 [Thread-1] INFO  network.TCPServer - Запрос на выполнение команды: help - вывести справку по доступным командам;
2025-04-22 22:31:52.127 [Thread-1] INFO  network.TCPServer - Сформирован ответ клиенту: (type = INFO, success = true, message = Доступные команды:
add - добав...)
2025-04-22 22:31:56.804 [Thread-1] INFO  network.TCPServer - Получен запрос: (type = INITIAL_COMMAND, commandName = asdsa, arguments = [], humanBeing = null)
2025-04-22 22:31:56.804 [Thread-1] WARN  network.TCPServer - Сформирован ответ клиенту: (type = ERROR, success = false, message = Введена некорректная команда!)
2025-04-22 22:32:48.382 [Thread-1] ERROR network.TCPServer - Ошибка при обработке соединения: [java.base/sun.nio.ch.NioSocketImpl.implRead(NioSocketImpl.java:328), java.base/sun.nio.ch.NioSocketImpl.read(NioSocketImpl.java:355), java.base/sun.nio.ch.NioSocketImpl$1.read(NioSocketImpl.java:808), java.base/java.net.Socket$SocketInputStream.read(Socket.java:966), java.base/java.net.Socket$SocketInputStream.read(Socket.java:961), java.base/java.io.ObjectInputStream$PeekInputStream.peek(ObjectInputStream.java:2886), java.base/java.io.ObjectInputStream$BlockDataInputStream.peek(ObjectInputStream.java:3213), java.base/java.io.ObjectInputStream$BlockDataInputStream.peekByte(ObjectInputStream.java:3223), java.base/java.io.ObjectInputStream.readObject0(ObjectInputStream.java:1695), java.base/java.io.ObjectInputStream.readObject(ObjectInputStream.java:514), java.base/java.io.ObjectInputStream.readObject(ObjectInputStream.java:472), network.TCPServer.handleConnection(TCPServer.java:69), network.TCPServer.lambda$start$0(TCPServer.java:52), java.base/java.lang.Thread.run(Thread.java:842)]
2025-04-22 22:32:48.383 [Thread-1] INFO  network.TCPServer - Соединение с клиентом закрыто!
2025-04-22 22:32:59.018 [Thread-0] INFO  network.TCPServer - Выполнение команды администратора: help
2025-04-22 22:33:00.933 [Thread-0] INFO  network.TCPServer - Выполнение команды администратора: save
2025-04-22 22:33:07.686 [Thread-0] INFO  network.TCPServer - Получена команда на завершение работы сервера
2025-04-22 22:33:07.686 [Thread-0] INFO  network.TCPServer - Начало отключения сервера
2025-04-22 22:33:07.690 [Thread-0] INFO  network.TCPServer - Сервер успешно остановлен
2025-04-22 22:33:07.690 [main] INFO  network.TCPServer - Сервер остановлен!
2025-04-23 12:10:17.019 [main] INFO  network.TCPServer - Сервер запущен на порту 5555
2025-04-23 12:10:17.022 [Thread-0] INFO  network.TCPServer - Доступен интерактивный режим админа
2025-04-23 12:10:19.523 [main] INFO  network.TCPServer - Подключение от клиента №1
2025-04-23 12:10:24.565 [Thread-1] INFO  network.TCPServer - Получен запрос: (type = INITIAL_COMMAND, commandName = help, arguments = [], humanBeing = null)
2025-04-23 12:10:24.565 [Thread-1] INFO  network.TCPServer - Запрос на выполнение команды: help - вывести справку по доступным командам;
2025-04-23 12:10:24.566 [Thread-1] INFO  network.TCPServer - Сформирован ответ клиенту: (type = INFO, success = true, message = Доступные команды:
add - добав...)
2025-04-23 12:11:06.885 [Thread-0] INFO  network.TCPServer - Выполнение команды администратора: help
2025-04-23 12:11:13.982 [Thread-0] INFO  network.TCPServer - Выполнение команды администратора: save
2025-04-23 12:18:09.106 [main] INFO  network.TCPServer - Сервер запущен на порту 5555
2025-04-23 12:18:09.108 [Thread-0] INFO  network.TCPServer - Доступен интерактивный режим админа
2025-04-23 15:23:05.813 [main] INFO  network.TCPServer - Сервер запущен на порту 5555
2025-04-23 15:23:05.816 [Thread-0] INFO  network.TCPServer - Доступен интерактивный режим админа
2025-04-23 16:35:49.394 [main] INFO  network.TCPServer - Сервер запущен на порту 5555
2025-04-23 16:35:49.397 [Thread-0] INFO  network.TCPServer - Доступен интерактивный режим админа
2025-04-23 16:35:52.868 [main] INFO  network.TCPServer - Подключение от клиента №1
2025-04-23 16:36:11.111 [Thread-1] INFO  network.TCPServer - Получен запрос: (type = INITIAL_COMMAND, commandName = help, arguments = [], humanBeing = null)
2025-04-23 16:36:11.111 [Thread-1] INFO  network.TCPServer - Запрос на выполнение команды: help - вывести справку по доступным командам;
2025-04-23 16:36:11.115 [Thread-1] INFO  network.TCPServer - Сформирован ответ клиенту: (type = INFO, success = true, message = Доступные команды:
add - добав...)
2025-04-23 16:36:17.825 [Thread-1] INFO  network.TCPServer - Получен запрос: (type = INITIAL_COMMAND, commandName = sum_of_salary, arguments = [], humanBeing = null)
2025-04-23 16:36:17.825 [Thread-1] INFO  network.TCPServer - Запрос на выполнение команды: sum_of_salary - вывести сумму значений поля salary для всех элементов коллекции;
2025-04-23 16:36:17.829 [Thread-1] INFO  network.TCPServer - Сформирован ответ клиенту: (type = INFO, success = true, message = Сумма зарплат: 1259021)
2025-04-23 16:37:16.536 [Thread-1] INFO  network.TCPServer - Получен запрос: (type = INITIAL_COMMAND, commandName = add, arguments = [], humanBeing = null)
2025-04-23 16:37:16.536 [Thread-1] INFO  network.TCPServer - Запрос на выполнение команды: add - добавить новый элемент в коллекцию;
2025-04-23 16:37:16.537 [Thread-1] INFO  network.TCPServer - Сформирован ответ клиенту: (type = NEED_WORKER, success = false, message = Требуется ввести данные о рабо...)
2025-04-23 16:37:49.335 [Thread-1] INFO  network.TCPServer - Получены данные о работнике: Работник:
  ID: не установлен
  Имя: afa
  Координаты: (x, y) : (11.0, 11)
  Дата создания: не указана
  Зарплата: 11
  Дата начала работы: 11-11-1111 00:00
  Дата окончания работы: 11-11-1111 00:00 MSK
  Должность: Пекарь
  Информация о человеке:
    	Рост: 11.0
	Вес: 11.0

2025-04-23 16:37:49.337 [Thread-1] INFO  network.TCPServer - Сформирован ответ клиенту: (type = null, success = true, message = Работник добавлен в коллекцию)
2025-04-23 16:37:53.537 [Thread-1] INFO  network.TCPServer - Получен запрос: (type = INITIAL_COMMAND, commandName = show, arguments = [], humanBeing = null)
2025-04-23 16:37:53.537 [Thread-1] INFO  network.TCPServer - Запрос на выполнение команды: show - вывести все элементы коллекции;
2025-04-23 16:37:53.542 [Thread-1] INFO  network.TCPServer - Сформирован ответ клиенту: (type = INFO, success = true, message = Работник:
  ID: 9
  Имя: afa
 ...)
2025-04-23 16:38:28.103 [Thread-1] ERROR network.TCPServer - Ошибка при обработке соединения: [java.base/sun.nio.ch.NioSocketImpl.implRead(NioSocketImpl.java:328), java.base/sun.nio.ch.NioSocketImpl.read(NioSocketImpl.java:355), java.base/sun.nio.ch.NioSocketImpl$1.read(NioSocketImpl.java:808), java.base/java.net.Socket$SocketInputStream.read(Socket.java:966), java.base/java.net.Socket$SocketInputStream.read(Socket.java:961), java.base/java.io.ObjectInputStream$PeekInputStream.peek(ObjectInputStream.java:2886), java.base/java.io.ObjectInputStream$BlockDataInputStream.peek(ObjectInputStream.java:3213), java.base/java.io.ObjectInputStream$BlockDataInputStream.peekByte(ObjectInputStream.java:3223), java.base/java.io.ObjectInputStream.readObject0(ObjectInputStream.java:1695), java.base/java.io.ObjectInputStream.readObject(ObjectInputStream.java:514), java.base/java.io.ObjectInputStream.readObject(ObjectInputStream.java:472), network.TCPServer.handleConnection(TCPServer.java:69), network.TCPServer.lambda$start$0(TCPServer.java:52), java.base/java.lang.Thread.run(Thread.java:842)]
2025-04-23 16:38:28.104 [Thread-1] INFO  network.TCPServer - Соединение с клиентом закрыто!
2025-04-23 16:39:28.503 [main] INFO  network.TCPServer - Подключение от клиента №2
2025-04-23 16:39:34.570 [Thread-2] INFO  network.TCPServer - Получен запрос: (type = SCRIPT_TRANSFER, commandName = execute_script, arguments = [client/src/script1.txt], humanBeing = null)
2025-04-23 16:39:34.570 [Thread-2] INFO  network.TCPServer - Начало выполнения скрипта: client/src/script1.txt
2025-04-23 16:39:34.572 [Thread-2] INFO  network.TCPServer - Сформирован ответ клиенту: (type = INFO, success = false, message = === Начало выполнения скрипта ...)
2025-05-08 19:35:06.870 [main] INFO  network.TCPServer - Сервер запущен на порту 5555
2025-05-08 19:35:06.873 [Thread-0] INFO  network.TCPServer - Доступен интерактивный режим админа
2025-05-08 19:35:21.534 [main] INFO  network.TCPServer - Подключение от клиента №1
2025-05-08 19:35:27.034 [Thread-1] INFO  network.TCPServer - Получен запрос: (type = INITIAL_COMMAND, commandName = help, arguments = [], humanBeing = null)
2025-05-08 19:35:27.034 [Thread-1] INFO  network.TCPServer - Запрос на выполнение команды: help - вывести справку по доступным командам;
2025-05-08 19:35:27.035 [Thread-1] INFO  network.TCPServer - Сформирован ответ клиенту: (type = INFO, success = true, message = Доступные команды:
add - добав...)
2025-05-09 00:49:59.005 [main] INFO  network.TCPServer - Сервер запущен на порту 5555
2025-05-09 00:49:59.010 [Thread-0] INFO  network.TCPServer - Доступен интерактивный режим админа
2025-05-09 00:50:01.096 [main] INFO  network.TCPServer - Подключение от клиента №1
2025-05-09 00:50:05.838 [Thread-1] INFO  network.TCPServer - Получен запрос: (type = INITIAL_COMMAND, commandName = help, arguments = [], humanBeing = null)
2025-05-09 00:50:05.838 [Thread-1] INFO  network.TCPServer - Запрос на выполнение команды: help - вывести справку по доступным командам;
2025-05-09 00:50:05.846 [Thread-1] INFO  network.TCPServer - Сформирован ответ клиенту: (type = INFO, success = true, message = Доступные команды:
add - добав...)
2025-05-18 14:46:22.455 [main] INFO  network.TCPServer - Сервер запущен на порту 5555
2025-05-18 14:46:22.460 [Thread-0] INFO  network.TCPServer - Доступен интерактивный режим админа
2025-05-18 14:46:25.176 [main] INFO  network.TCPServer - Подключение от клиента №1
2025-05-18 14:46:29.177 [Thread-1] INFO  network.TCPServer - Получен запрос: (type = INITIAL_COMMAND, commandName = info, arguments = [], humanBeing = null)
2025-05-18 14:46:29.178 [Thread-1] INFO  network.TCPServer - Запрос на выполнение команды: info - вывести информацию о коллекции;
2025-05-18 14:46:29.179 [Thread-1] INFO  network.TCPServer - Сформирован ответ клиенту: (type = INFO, success = true, message = Type - ArrayDeque
Creation dat...)
2025-05-18 14:46:37.322 [Thread-1] INFO  network.TCPServer - Получен запрос: (type = INITIAL_COMMAND, commandName = remove_if_min, arguments = [], humanBeing = null)
2025-05-18 14:46:37.323 [Thread-1] WARN  network.TCPServer - Сформирован ответ клиенту: (type = ERROR, success = false, message = Введена некорректная команда!)
2025-05-18 14:46:44.015 [Thread-1] INFO  network.TCPServer - Получен запрос: (type = INITIAL_COMMAND, commandName = remove_lower, arguments = [], humanBeing = null)
2025-05-18 14:46:44.015 [Thread-1] INFO  network.TCPServer - Запрос на выполнение команды: remove_lower - удалить из коллекции все элементы, меньшие, чем заданный;
2025-05-18 14:46:44.015 [Thread-1] INFO  network.TCPServer - Сформирован ответ клиенту: (type = NEED_WORKER, success = false, message = Требуется ввести данные о рабо...)
2025-05-18 14:47:10.699 [Thread-1] INFO  network.TCPServer - Получены данные о работнике: Работник:
  ID: не установлен
  Имя: adad
  Координаты: (x, y) : (123.0, 123)
  Дата создания: не указана
  Зарплата: 1
  Дата начала работы: 11-11-1111 00:00
  Дата окончания работы: 11-11-1111 00:00 MSK
  Должность: Пекарь
  Информация о человеке:
    	Рост: 123.0
	Вес: 123.0

2025-05-18 14:47:10.700 [Thread-1] INFO  network.TCPServer - Сформирован ответ клиенту: (type = null, success = true, message = Элементы удалены)
2025-05-18 14:47:13.340 [Thread-1] INFO  network.TCPServer - Получен запрос: (type = INITIAL_COMMAND, commandName = show, arguments = [], humanBeing = null)
2025-05-18 14:47:13.340 [Thread-1] INFO  network.TCPServer - Запрос на выполнение команды: show - вывести все элементы коллекции;
2025-05-18 14:47:13.344 [Thread-1] INFO  network.TCPServer - Сформирован ответ клиенту: (type = INFO, success = true, message = Работник:
  ID: 8
  Имя: oleg
...)
2025-05-18 14:47:36.745 [Thread-1] INFO  network.TCPServer - Получен запрос: (type = INITIAL_COMMAND, commandName = remove_lower, arguments = [], humanBeing = null)
2025-05-18 14:47:36.746 [Thread-1] INFO  network.TCPServer - Запрос на выполнение команды: remove_lower - удалить из коллекции все элементы, меньшие, чем заданный;
2025-05-18 14:47:36.746 [Thread-1] INFO  network.TCPServer - Сформирован ответ клиенту: (type = NEED_WORKER, success = false, message = Требуется ввести данные о рабо...)
2025-05-18 14:47:54.294 [Thread-1] INFO  network.TCPServer - Получены данные о работнике: Работник:
  ID: не установлен
  Имя: asdasda
  Координаты: (x, y) : (123.0, 123)
  Дата создания: не указана
  Зарплата: 1000000
  Дата начала работы: 11-11-1111 00:00
  Дата окончания работы: 11-11-1111 00:00 MSK
  Должность: Пекарь
  Информация о человеке:
    	Рост: 23.0
	Вес: 123.0

2025-05-18 14:47:54.294 [Thread-1] INFO  network.TCPServer - Сформирован ответ клиенту: (type = null, success = true, message = Элементы удалены)
2025-05-18 14:47:56.469 [Thread-1] INFO  network.TCPServer - Получен запрос: (type = INITIAL_COMMAND, commandName = ырщц, arguments = [], humanBeing = null)
2025-05-18 14:47:56.470 [Thread-1] WARN  network.TCPServer - Сформирован ответ клиенту: (type = ERROR, success = false, message = Введена некорректная команда!)
2025-05-18 14:47:58.235 [Thread-1] INFO  network.TCPServer - Получен запрос: (type = INITIAL_COMMAND, commandName = show, arguments = [], humanBeing = null)
2025-05-18 14:47:58.235 [Thread-1] INFO  network.TCPServer - Запрос на выполнение команды: show - вывести все элементы коллекции;
2025-05-18 14:47:58.236 [Thread-1] INFO  network.TCPServer - Сформирован ответ клиенту: (type = INFO, success = true, message = Работник:
  ID: 8
  Имя: oleg
...)
2025-05-20 15:27:05.709 [main] INFO  network.TCPServer - Сервер запущен на порту 5555
2025-05-20 15:27:05.713 [Thread-0] INFO  network.TCPServer - Доступен интерактивный режим админа
2025-05-20 15:27:14.338 [main] INFO  network.TCPServer - Подключение от клиента №1
2025-05-20 15:27:18.041 [Thread-1] INFO  network.TCPServer - Получен запрос: (type = INITIAL_COMMAND, commandName = help, arguments = [], worker = null)
2025-05-20 15:27:18.042 [Thread-1] INFO  network.TCPServer - Запрос на выполнение команды: help - вывести справку по доступным командам;
2025-05-20 15:27:18.042 [Thread-1] INFO  network.TCPServer - Сформирован ответ клиенту: (type = INFO, success = true, message = Доступные команды:
add - добав...)
2025-05-20 15:27:24.742 [Thread-1] INFO  network.TCPServer - Получен запрос: (type = INITIAL_COMMAND, commandName = info, arguments = [], worker = null)
2025-05-20 15:27:24.742 [Thread-1] INFO  network.TCPServer - Запрос на выполнение команды: info - вывести информацию о коллекции;
2025-05-20 15:27:24.742 [Thread-1] INFO  network.TCPServer - Сформирован ответ клиенту: (type = INFO, success = true, message = Type - LinkedHash
Creation dat...)
2025-05-20 15:27:34.346 [Thread-1] INFO  network.TCPServer - Получен запрос: (type = INITIAL_COMMAND, commandName = add, arguments = [], worker = null)
2025-05-20 15:27:34.347 [Thread-1] INFO  network.TCPServer - Запрос на выполнение команды: add - добавить новый элемент в коллекцию;
2025-05-20 15:27:34.347 [Thread-1] INFO  network.TCPServer - Сформирован ответ клиенту: (type = NEED_HUMAN_DATA, success = false, message = Требуется ввести данные о чело...)
2025-05-20 15:28:12.449 [Thread-1] INFO  network.TCPServer - Получены данные о человеке: Человек:
  ID: не установлен
  Имя: Серега
  Координаты: (x, y) : (123.0, 123.0)
  Дата создания: не указана
  Настоящий герой?: true
  Есть зубочистка?: false
  Скорость удара: не указана
  Название саундтрека: Улетаю на Гаити
  Минут ожидания: 23.0
 Тип оружия: Хаммер
Информация о машине:      Название машины : тайота


2025-05-20 15:28:12.450 [Thread-1] INFO  network.TCPServer - Сформирован ответ клиенту: (type = null, success = true, message = Работник добавлен в коллекцию)
2025-05-20 15:28:15.533 [Thread-1] INFO  network.TCPServer - Получен запрос: (type = INITIAL_COMMAND, commandName = show, arguments = [], worker = null)
2025-05-20 15:28:15.533 [Thread-1] INFO  network.TCPServer - Запрос на выполнение команды: show - вывести все элементы коллекции;
2025-05-20 15:28:15.536 [Thread-1] INFO  network.TCPServer - Сформирован ответ клиенту: (type = INFO, success = true, message = Человек:
  ID: 1
  Имя: Серега...)
2025-05-20 15:29:04.111 [main] INFO  network.TCPServer - Сервер запущен на порту 5555
2025-05-20 15:29:04.114 [Thread-0] INFO  network.TCPServer - Доступен интерактивный режим админа
2025-05-20 15:29:10.882 [main] INFO  network.TCPServer - Сервер запущен на порту 5555
2025-05-20 15:29:10.886 [Thread-0] INFO  network.TCPServer - Доступен интерактивный режим админа
2025-05-20 15:29:18.770 [Thread-0] INFO  network.TCPServer - Выполнение команды администратора: show
2025-05-20 15:30:50.732 [main] INFO  network.TCPServer - Подключение от клиента №1
2025-05-20 15:30:53.019 [Thread-1] INFO  network.TCPServer - Получен запрос: (type = INITIAL_COMMAND, commandName = add, arguments = [], worker = null)
2025-05-20 15:30:53.019 [Thread-1] INFO  network.TCPServer - Запрос на выполнение команды: add - добавить новый элемент в коллекцию;
2025-05-20 15:30:53.019 [Thread-1] INFO  network.TCPServer - Сформирован ответ клиенту: (type = NEED_HUMAN_DATA, success = false, message = Требуется ввести данные о чело...)
2025-05-20 15:31:25.205 [Thread-1] INFO  network.TCPServer - Получены данные о человеке: Человек:
  ID: не установлен
  Имя: Серега
  Координаты: (x, y) : (13.0, 23.0)
  Дата создания: не указана
  Настоящий герой?: true
  Есть зубочистка?: false
  Скорость удара: не указана
  Название саундтрека: Жопа
  Минут ожидания: 123.0
 Тип оружия: Хаммер
Информация о машине:      Название машины : тайота


2025-05-20 15:31:25.207 [Thread-1] INFO  network.TCPServer - Сформирован ответ клиенту: (type = null, success = true, message = Работник добавлен в коллекцию)
2025-05-20 15:31:29.918 [Thread-1] INFO  network.TCPServer - Получен запрос: (type = INITIAL_COMMAND, commandName = show, arguments = [], worker = null)
2025-05-20 15:31:29.918 [Thread-1] INFO  network.TCPServer - Запрос на выполнение команды: show - вывести все элементы коллекции;
2025-05-20 15:31:29.919 [Thread-1] INFO  network.TCPServer - Сформирован ответ клиенту: (type = INFO, success = true, message = Человек:
  ID: 3
  Имя: Ellie
...)
2025-05-20 15:31:44.804 [Thread-0] INFO  network.TCPServer - Выполнение команды администратора: save
2025-05-20 15:35:27.089 [main] INFO  network.TCPServer - Сервер запущен на порту 5555
2025-05-20 15:35:27.093 [Thread-0] INFO  network.TCPServer - Доступен интерактивный режим админа
2025-05-20 15:35:48.631 [main] INFO  network.TCPServer - Сервер запущен на порту 5555
2025-05-20 15:35:48.633 [Thread-0] INFO  network.TCPServer - Доступен интерактивный режим админа
2025-05-20 15:37:09.318 [Thread-0] INFO  network.TCPServer - Выполнение команды администратора: show
2025-05-20 15:38:25.819 [main] INFO  network.TCPServer - Сервер запущен на порту 5555
2025-05-20 15:38:25.823 [Thread-0] INFO  network.TCPServer - Доступен интерактивный режим админа
2025-05-20 15:39:32.517 [main] INFO  network.TCPServer - Сервер запущен на порту 5555
2025-05-20 15:39:32.521 [Thread-0] INFO  network.TCPServer - Доступен интерактивный режим админа
2025-05-20 15:39:45.216 [Thread-0] INFO  network.TCPServer - Выполнение команды администратора: show
2025-05-20 15:41:01.096 [main] INFO  network.TCPServer - Сервер запущен на порту 5555
2025-05-20 15:41:01.099 [Thread-0] INFO  network.TCPServer - Доступен интерактивный режим админа
2025-05-20 15:42:04.060 [main] INFO  network.TCPServer - Подключение от клиента №1
2025-05-20 15:42:05.615 [Thread-1] INFO  network.TCPServer - Получен запрос: (type = INITIAL_COMMAND, commandName = add, arguments = [], worker = null)
2025-05-20 15:42:05.615 [Thread-1] INFO  network.TCPServer - Запрос на выполнение команды: add - добавить новый элемент в коллекцию;
2025-05-20 15:42:05.616 [Thread-1] INFO  network.TCPServer - Сформирован ответ клиенту: (type = NEED_HUMAN_DATA, success = false, message = Требуется ввести данные о чело...)
2025-05-20 15:42:32.191 [Thread-1] INFO  network.TCPServer - Получены данные о человеке: Человек:
  ID: не установлен
  Имя: Олег
  Координаты: (x, y) : (123.0, 23)
  Дата создания: не указана
  Настоящий герой?: true
  Есть зубочистка?: false
  Скорость удара: не указана
  Название саундтрека: ааа
  Минут ожидания: 123.0
 Тип оружия: Хаммер
Информация о машине:      Название машины : ниссан пассать


2025-05-20 15:42:32.192 [Thread-1] INFO  network.TCPServer - Сформирован ответ клиенту: (type = null, success = true, message = Работник добавлен в коллекцию)
2025-05-20 15:42:35.455 [Thread-1] INFO  network.TCPServer - Получен запрос: (type = INITIAL_COMMAND, commandName = show, arguments = [], worker = null)
2025-05-20 15:42:35.456 [Thread-1] INFO  network.TCPServer - Запрос на выполнение команды: show - вывести все элементы коллекции;
2025-05-20 15:42:35.458 [Thread-1] INFO  network.TCPServer - Сформирован ответ клиенту: (type = INFO, success = true, message = Человек:
  ID: 3
  Имя: Ellie
...)
2025-05-20 15:42:47.080 [Thread-0] INFO  network.TCPServer - Выполнение команды администратора: show
2025-05-20 15:42:49.184 [Thread-0] INFO  network.TCPServer - Выполнение команды администратора: save
2025-05-20 15:43:04.644 [main] INFO  network.TCPServer - Сервер запущен на порту 5555
2025-05-20 15:43:04.649 [Thread-0] INFO  network.TCPServer - Доступен интерактивный режим админа
2025-05-20 15:43:07.910 [Thread-0] INFO  network.TCPServer - Выполнение команды администратора: show
2025-05-20 22:21:07.435 [main] INFO  network.TCPServer - Сервер запущен на порту 5555
2025-05-20 22:21:07.437 [Thread-0] INFO  network.TCPServer - Доступен интерактивный режим админа
2025-05-20 22:21:32.120 [Thread-0] INFO  network.TCPServer - Выполнение команды администратора: help
2025-05-20 22:21:58.823 [Thread-0] INFO  network.TCPServer - Выполнение команды администратора: execute_script
2025-05-20 22:22:30.897 [main] INFO  network.TCPServer - Подключение от клиента №1
2025-05-20 22:22:34.805 [Thread-1] INFO  network.TCPServer - Получен запрос: (type = INITIAL_COMMAND, commandName = help, arguments = [], worker = null)
2025-05-20 22:22:34.805 [Thread-1] INFO  network.TCPServer - Запрос на выполнение команды: help - вывести справку по доступным командам;
2025-05-20 22:22:34.806 [Thread-1] INFO  network.TCPServer - Сформирован ответ клиенту: (type = INFO, success = true, message = Доступные команды:
add - добав...)
2025-05-20 22:22:53.964 [Thread-1] ERROR network.TCPServer - Ошибка при обработке соединения: [java.base/java.io.ObjectInputStream$BlockDataInputStream.peekByte(ObjectInputStream.java:3225), java.base/java.io.ObjectInputStream.readObject0(ObjectInputStream.java:1695), java.base/java.io.ObjectInputStream.readObject(ObjectInputStream.java:514), java.base/java.io.ObjectInputStream.readObject(ObjectInputStream.java:472), network.TCPServer.handleConnection(TCPServer.java:98), network.TCPServer.lambda$start$0(TCPServer.java:77), java.base/java.lang.Thread.run(Thread.java:842)]
2025-05-20 22:22:53.968 [Thread-1] INFO  network.TCPServer - Соединение с клиентом закрыто!
2025-05-20 22:23:14.965 [main] INFO  network.TCPServer - Подключение от клиента №2
2025-05-20 22:23:18.439 [Thread-2] INFO  network.TCPServer - Получен запрос: (type = INITIAL_COMMAND, commandName = add, arguments = [], worker = null)
2025-05-20 22:23:18.440 [Thread-2] INFO  network.TCPServer - Запрос на выполнение команды: add - добавить новый элемент в коллекцию;
2025-05-20 22:23:18.440 [Thread-2] INFO  network.TCPServer - Сформирован ответ клиенту: (type = NEED_HUMAN_DATA, success = false, message = Требуется ввести данные о чело...)
2025-05-20 22:23:41.830 [Thread-2] INFO  network.TCPServer - Получены данные о человеке: Человек:
  ID: не установлен
  Имя: f
  Координаты: (x, y) : (4.0, 4)
  Дата создания: не указана
  Настоящий герой?: true
  Есть зубочистка?: false
  Скорость удара: не указана
  Название саундтрека: 4
  Минут ожидания: 4.0
 Тип оружия: Хаммер
Информация о машине:      Название машины : 4


2025-05-20 22:23:41.833 [Thread-2] INFO  network.TCPServer - Сформирован ответ клиенту: (type = null, success = true, message = Работник добавлен в коллекцию)
2025-05-20 22:23:44.880 [Thread-2] INFO  network.TCPServer - Получен запрос: (type = INITIAL_COMMAND, commandName = ырщц, arguments = [], worker = null)
2025-05-20 22:23:44.881 [Thread-2] WARN  network.TCPServer - Сформирован ответ клиенту: (type = ERROR, success = false, message = Введена некорректная команда!)
2025-05-20 22:23:48.016 [Thread-2] INFO  network.TCPServer - Получен запрос: (type = INITIAL_COMMAND, commandName = show, arguments = [], worker = null)
2025-05-20 22:23:48.017 [Thread-2] INFO  network.TCPServer - Запрос на выполнение команды: show - вывести все элементы коллекции;
2025-05-20 22:23:48.021 [Thread-2] INFO  network.TCPServer - Сформирован ответ клиенту: (type = INFO, success = true, message = Человек:
  ID: 3
  Имя: Ellie
...)
2025-05-20 22:24:12.570 [Thread-2] INFO  network.TCPServer - Получен запрос: (type = INITIAL_COMMAND, commandName = help, arguments = [], worker = null)
2025-05-20 22:24:12.571 [Thread-2] INFO  network.TCPServer - Запрос на выполнение команды: help - вывести справку по доступным командам;
2025-05-20 22:24:12.571 [Thread-2] INFO  network.TCPServer - Сформирован ответ клиенту: (type = INFO, success = true, message = Доступные команды:
add - добав...)
2025-05-21 02:10:03.126 [Thread-0] INFO  network.TCPServer - Выполнение команды администратора: save
2025-05-21 14:41:03.862 [main] INFO  network.TCPServer - Сервер запущен на порту 5555
2025-05-21 14:41:03.863 [Thread-0] INFO  network.TCPServer - Доступен интерактивный режим админа
2025-05-21 14:41:07.876 [main] INFO  network.TCPServer - Подключение от клиента №1
2025-05-21 14:41:10.877 [Thread-1] INFO  network.TCPServer - Получен запрос: (type = INITIAL_COMMAND, commandName = help, arguments = [], worker = null)
2025-05-21 14:41:10.878 [Thread-1] INFO  network.TCPServer - Запрос на выполнение команды: help - вывести справку по доступным командам;
2025-05-21 14:41:10.879 [Thread-1] INFO  network.TCPServer - Сформирован ответ клиенту: (type = INFO, success = true, message = Доступные команды:
add - добав...)
2025-05-21 14:41:14.920 [Thread-1] INFO  network.TCPServer - Получен запрос: (type = INITIAL_COMMAND, commandName = show, arguments = [], worker = null)
2025-05-21 14:41:14.920 [Thread-1] INFO  network.TCPServer - Запрос на выполнение команды: show - вывести все элементы коллекции;
2025-05-21 14:41:14.924 [Thread-1] INFO  network.TCPServer - Сформирован ответ клиенту: (type = INFO, success = true, message = Человек:
  ID: 3
  Имя: Ellie
...)
2025-05-21 14:42:14.303 [Thread-1] INFO  network.TCPServer - Получен запрос: (type = INITIAL_COMMAND, commandName = add, arguments = [], worker = null)
2025-05-21 14:42:14.306 [Thread-1] INFO  network.TCPServer - Запрос на выполнение команды: add - добавить новый элемент в коллекцию;
2025-05-21 14:42:14.306 [Thread-1] INFO  network.TCPServer - Сформирован ответ клиенту: (type = NEED_HUMAN_DATA, success = false, message = Требуется ввести данные о чело...)
2025-05-21 14:43:17.759 [Thread-1] INFO  network.TCPServer - Получены данные о человеке: Человек:
  ID: не установлен
  Имя: gggg
  Координаты: (x, y) : (44.0, 4)
  Дата создания: не указана
  Настоящий герой?: true
  Есть зубочистка?: true
  Скорость удара: не указана
  Название саундтрека: 5
  Минут ожидания: 5.0
 Тип оружия: Хаммер
Информация о машине:      Название машины : 5


2025-05-21 14:43:17.764 [Thread-1] INFO  network.TCPServer - Сформирован ответ клиенту: (type = null, success = true, message = Работник добавлен в коллекцию)
2025-05-21 14:48:07.137 [Thread-1] ERROR network.TCPServer - Ошибка при обработке соединения: [java.base/java.io.ObjectInputStream$BlockDataInputStream.peekByte(ObjectInputStream.java:3225), java.base/java.io.ObjectInputStream.readObject0(ObjectInputStream.java:1695), java.base/java.io.ObjectInputStream.readObject(ObjectInputStream.java:514), java.base/java.io.ObjectInputStream.readObject(ObjectInputStream.java:472), network.TCPServer.handleConnection(TCPServer.java:98), network.TCPServer.lambda$start$0(TCPServer.java:77), java.base/java.lang.Thread.run(Thread.java:842)]
2025-05-21 14:48:07.142 [Thread-1] INFO  network.TCPServer - Соединение с клиентом закрыто!
2025-05-21 14:48:08.025 [main] INFO  network.TCPServer - Подключение от клиента №2
2025-05-21 14:48:11.253 [Thread-2] INFO  network.TCPServer - Получен запрос: (type = INITIAL_COMMAND, commandName = add, arguments = [], worker = null)
2025-05-21 14:48:11.254 [Thread-2] INFO  network.TCPServer - Запрос на выполнение команды: add - добавить новый элемент в коллекцию;
2025-05-21 14:48:11.254 [Thread-2] INFO  network.TCPServer - Сформирован ответ клиенту: (type = NEED_HUMAN_DATA, success = false, message = Требуется ввести данные о чело...)
2025-05-21 14:54:59.478 [Thread-2] ERROR network.TCPServer - Ошибка при обработке соединения: [java.base/java.io.ObjectInputStream$BlockDataInputStream.peekByte(ObjectInputStream.java:3225), java.base/java.io.ObjectInputStream.readObject0(ObjectInputStream.java:1695), java.base/java.io.ObjectInputStream.readObject(ObjectInputStream.java:514), java.base/java.io.ObjectInputStream.readObject(ObjectInputStream.java:472), network.TCPServer.handleConnection(TCPServer.java:120), network.TCPServer.lambda$start$0(TCPServer.java:77), java.base/java.lang.Thread.run(Thread.java:842)]
2025-05-21 14:54:59.483 [Thread-2] INFO  network.TCPServer - Соединение с клиентом закрыто!
2025-05-21 14:55:13.817 [main] INFO  network.TCPServer - Подключение от клиента №3
2025-05-21 14:55:17.351 [Thread-3] INFO  network.TCPServer - Получен запрос: (type = INITIAL_COMMAND, commandName = add, arguments = [], worker = null)
2025-05-21 14:55:17.352 [Thread-3] INFO  network.TCPServer - Запрос на выполнение команды: add - добавить новый элемент в коллекцию;
2025-05-21 14:55:17.352 [Thread-3] INFO  network.TCPServer - Сформирован ответ клиенту: (type = NEED_HUMAN_DATA, success = false, message = Требуется ввести данные о чело...)
2025-05-21 14:57:21.465 [Thread-3] ERROR network.TCPServer - Ошибка при обработке соединения: [java.base/java.io.ObjectInputStream$BlockDataInputStream.peekByte(ObjectInputStream.java:3225), java.base/java.io.ObjectInputStream.readObject0(ObjectInputStream.java:1695), java.base/java.io.ObjectInputStream.readObject(ObjectInputStream.java:514), java.base/java.io.ObjectInputStream.readObject(ObjectInputStream.java:472), network.TCPServer.handleConnection(TCPServer.java:120), network.TCPServer.lambda$start$0(TCPServer.java:77), java.base/java.lang.Thread.run(Thread.java:842)]
2025-05-21 14:57:21.467 [Thread-3] INFO  network.TCPServer - Соединение с клиентом закрыто!
2025-05-21 14:57:21.833 [main] INFO  network.TCPServer - Подключение от клиента №4
2025-05-21 14:57:23.731 [Thread-4] INFO  network.TCPServer - Получен запрос: (type = INITIAL_COMMAND, commandName = add, arguments = [], worker = null)
2025-05-21 14:57:23.732 [Thread-4] INFO  network.TCPServer - Запрос на выполнение команды: add - добавить новый элемент в коллекцию;
2025-05-21 14:57:23.732 [Thread-4] INFO  network.TCPServer - Сформирован ответ клиенту: (type = NEED_HUMAN_DATA, success = false, message = Требуется ввести данные о чело...)
2025-05-21 14:57:44.203 [Thread-4] ERROR network.TCPServer - Ошибка при обработке соединения: [java.base/java.io.ObjectInputStream$BlockDataInputStream.peekByte(ObjectInputStream.java:3225), java.base/java.io.ObjectInputStream.readObject0(ObjectInputStream.java:1695), java.base/java.io.ObjectInputStream.readObject(ObjectInputStream.java:514), java.base/java.io.ObjectInputStream.readObject(ObjectInputStream.java:472), network.TCPServer.handleConnection(TCPServer.java:120), network.TCPServer.lambda$start$0(TCPServer.java:77), java.base/java.lang.Thread.run(Thread.java:842)]
2025-05-21 14:57:44.204 [Thread-4] INFO  network.TCPServer - Соединение с клиентом закрыто!
2025-05-21 14:57:44.915 [main] INFO  network.TCPServer - Подключение от клиента №5
2025-05-21 14:57:46.602 [Thread-5] INFO  network.TCPServer - Получен запрос: (type = INITIAL_COMMAND, commandName = add, arguments = [], worker = null)
2025-05-21 14:57:46.603 [Thread-5] INFO  network.TCPServer - Запрос на выполнение команды: add - добавить новый элемент в коллекцию;
2025-05-21 14:57:46.603 [Thread-5] INFO  network.TCPServer - Сформирован ответ клиенту: (type = NEED_HUMAN_DATA, success = false, message = Требуется ввести данные о чело...)
2025-05-21 14:58:56.887 [Thread-5] ERROR network.TCPServer - Ошибка при обработке соединения: [java.base/java.io.ObjectInputStream$BlockDataInputStream.peekByte(ObjectInputStream.java:3225), java.base/java.io.ObjectInputStream.readObject0(ObjectInputStream.java:1695), java.base/java.io.ObjectInputStream.readObject(ObjectInputStream.java:514), java.base/java.io.ObjectInputStream.readObject(ObjectInputStream.java:472), network.TCPServer.handleConnection(TCPServer.java:120), network.TCPServer.lambda$start$0(TCPServer.java:77), java.base/java.lang.Thread.run(Thread.java:842)]
2025-05-21 14:58:56.890 [Thread-5] INFO  network.TCPServer - Соединение с клиентом закрыто!
2025-05-21 14:58:57.605 [main] INFO  network.TCPServer - Подключение от клиента №6
2025-05-21 14:58:59.815 [Thread-6] INFO  network.TCPServer - Получен запрос: (type = INITIAL_COMMAND, commandName = add, arguments = [], worker = null)
2025-05-21 14:58:59.816 [Thread-6] INFO  network.TCPServer - Запрос на выполнение команды: add - добавить новый элемент в коллекцию;
2025-05-21 14:58:59.816 [Thread-6] INFO  network.TCPServer - Сформирован ответ клиенту: (type = NEED_HUMAN_DATA, success = false, message = Требуется ввести данные о чело...)
2025-05-21 15:01:34.101 [Thread-6] ERROR network.TCPServer - Ошибка при обработке соединения: [java.base/java.io.ObjectInputStream$BlockDataInputStream.peekByte(ObjectInputStream.java:3225), java.base/java.io.ObjectInputStream.readObject0(ObjectInputStream.java:1695), java.base/java.io.ObjectInputStream.readObject(ObjectInputStream.java:514), java.base/java.io.ObjectInputStream.readObject(ObjectInputStream.java:472), network.TCPServer.handleConnection(TCPServer.java:120), network.TCPServer.lambda$start$0(TCPServer.java:77), java.base/java.lang.Thread.run(Thread.java:842)]
2025-05-21 15:01:34.104 [Thread-6] INFO  network.TCPServer - Соединение с клиентом закрыто!
2025-05-21 15:01:34.802 [main] INFO  network.TCPServer - Подключение от клиента №7
2025-05-21 15:01:37.583 [Thread-7] INFO  network.TCPServer - Получен запрос: (type = INITIAL_COMMAND, commandName = add, arguments = [], worker = null)
2025-05-21 15:01:37.583 [Thread-7] INFO  network.TCPServer - Запрос на выполнение команды: add - добавить новый элемент в коллекцию;
2025-05-21 15:01:37.583 [Thread-7] INFO  network.TCPServer - Сформирован ответ клиенту: (type = NEED_HUMAN_DATA, success = false, message = Требуется ввести данные о чело...)
2025-05-21 15:06:26.664 [Thread-7] INFO  network.TCPServer - Получены данные о человеке: Человек:
  ID: не установлен
  Имя: d
  Координаты: (x, y) : (4.0, 4)
  Дата создания: не указана
  Настоящий герой?: true
  Есть зубочистка?: true
  Скорость удара: не указана
  Название саундтрека: 4
  Минут ожидания: 5.0
 Тип оружия: Хаммер
Информация о машине:      Название машины : 5


2025-05-21 15:06:26.666 [Thread-7] INFO  network.TCPServer - Сформирован ответ клиенту: (type = null, success = true, message = Работник добавлен в коллекцию)
2025-05-21 15:06:29.628 [Thread-7] INFO  network.TCPServer - Получен запрос: (type = INITIAL_COMMAND, commandName = ыр0ц, arguments = [], worker = null)
2025-05-21 15:06:29.629 [Thread-7] WARN  network.TCPServer - Сформирован ответ клиенту: (type = ERROR, success = false, message = Введена некорректная команда!)
2025-05-21 15:06:31.679 [Thread-7] INFO  network.TCPServer - Получен запрос: (type = INITIAL_COMMAND, commandName = show, arguments = [], worker = null)
2025-05-21 15:06:31.680 [Thread-7] INFO  network.TCPServer - Запрос на выполнение команды: show - вывести все элементы коллекции;
2025-05-21 15:06:31.681 [Thread-7] INFO  network.TCPServer - Сформирован ответ клиенту: (type = INFO, success = true, message = Человек:
  ID: 3
  Имя: Ellie
...)
2025-05-21 15:07:16.302 [Thread-7] INFO  network.TCPServer - Получен запрос: (type = INITIAL_COMMAND, commandName = help, arguments = [], worker = null)
2025-05-21 15:07:16.304 [Thread-7] INFO  network.TCPServer - Запрос на выполнение команды: help - вывести справку по доступным командам;
2025-05-21 15:07:16.304 [Thread-7] INFO  network.TCPServer - Сформирован ответ клиенту: (type = INFO, success = true, message = Доступные команды:
add - добав...)
2025-05-21 15:07:22.317 [Thread-7] INFO  network.TCPServer - Получен запрос: (type = INITIAL_COMMAND, commandName = history], arguments = [], worker = null)
2025-05-21 15:07:22.317 [Thread-7] WARN  network.TCPServer - Сформирован ответ клиенту: (type = ERROR, success = false, message = Введена некорректная команда!)
2025-05-21 15:07:26.399 [Thread-7] INFO  network.TCPServer - Получен запрос: (type = INITIAL_COMMAND, commandName = history, arguments = [], worker = null)
2025-05-21 15:07:26.401 [Thread-7] INFO  network.TCPServer - Запрос на выполнение команды: history - вывести последние 5 команд (без их аргументов);
2025-05-21 15:07:26.405 [Thread-7] INFO  network.TCPServer - Сформирован ответ клиенту: (type = INFO, success = true, message = help
show
add
add
show
)
2025-05-21 15:07:34.267 [Thread-7] INFO  network.TCPServer - Получен запрос: (type = INITIAL_COMMAND, commandName = info, arguments = [], worker = null)
2025-05-21 15:07:34.269 [Thread-7] INFO  network.TCPServer - Запрос на выполнение команды: info - вывести информацию о коллекции;
2025-05-21 15:07:34.287 [Thread-7] INFO  network.TCPServer - Сформирован ответ клиенту: (type = INFO, success = true, message = Type - LinkedHash
Creation dat...)
2025-05-21 15:17:35.258 [Thread-7] INFO  network.TCPServer - Получен запрос: (type = INITIAL_COMMAND, commandName = filter_greater_than_car, arguments = [], worker = null)
2025-05-21 15:17:35.263 [Thread-7] INFO  network.TCPServer - Сформирован ответ клиенту: (type = ERROR, success = false, message = У данной команды обязательно д...)
2025-05-21 15:17:35.264 [Thread-7] WARN  network.TCPServer - Команда была введена некорректно!
2025-05-21 15:17:44.804 [Thread-7] INFO  network.TCPServer - Получен запрос: (type = INITIAL_COMMAND, commandName = filter_greater_than_car, arguments = [1], worker = null)
2025-05-21 15:17:44.805 [Thread-7] INFO  network.TCPServer - Запрос на выполнение команды: filter_greater_than_car - вывести элементы, значение поля car которых больше заданного;
2025-05-21 15:17:50.478 [Thread-7] INFO  network.TCPServer - Получены данные о машине: Название машины : r

2025-05-21 15:17:50.484 [Thread-7] INFO  network.TCPServer - Сформирован ответ клиенту: (type = null, success = true, message = Элементы с car больше r: 
Чело...)
2025-05-21 15:18:35.462 [Thread-7] ERROR network.TCPServer - Ошибка при обработке соединения: [java.base/java.io.ObjectInputStream$BlockDataInputStream.peekByte(ObjectInputStream.java:3225), java.base/java.io.ObjectInputStream.readObject0(ObjectInputStream.java:1695), java.base/java.io.ObjectInputStream.readObject(ObjectInputStream.java:514), java.base/java.io.ObjectInputStream.readObject(ObjectInputStream.java:472), network.TCPServer.handleConnection(TCPServer.java:98), network.TCPServer.lambda$start$0(TCPServer.java:77), java.base/java.lang.Thread.run(Thread.java:842)]
2025-05-21 15:18:35.465 [Thread-7] INFO  network.TCPServer - Соединение с клиентом закрыто!
2025-05-21 15:18:36.405 [main] INFO  network.TCPServer - Подключение от клиента №8
2025-05-21 15:18:40.759 [Thread-8] INFO  network.TCPServer - Получен запрос: (type = INITIAL_COMMAND, commandName = help, arguments = [], worker = null)
2025-05-21 15:18:40.760 [Thread-8] INFO  network.TCPServer - Запрос на выполнение команды: help - вывести справку по доступным командам;
2025-05-21 15:18:40.760 [Thread-8] INFO  network.TCPServer - Сформирован ответ клиенту: (type = INFO, success = true, message = Доступные команды:
add - добав...)
2025-05-21 15:18:46.847 [Thread-8] INFO  network.TCPServer - Получен запрос: (type = INITIAL_COMMAND, commandName = filter_greater_than_car, arguments = [], worker = null)
2025-05-21 15:18:46.849 [Thread-8] INFO  network.TCPServer - Сформирован ответ клиенту: (type = ERROR, success = false, message = У данной команды обязательно д...)
2025-05-21 15:18:46.849 [Thread-8] WARN  network.TCPServer - Команда была введена некорректно!
2025-05-21 15:18:51.100 [Thread-8] INFO  network.TCPServer - Получен запрос: (type = INITIAL_COMMAND, commandName = ]filter_greater_than_car, arguments = [1], worker = null)
2025-05-21 15:18:51.101 [Thread-8] WARN  network.TCPServer - Сформирован ответ клиенту: (type = ERROR, success = false, message = Введена некорректная команда!)
2025-05-21 15:18:55.238 [Thread-8] INFO  network.TCPServer - Получен запрос: (type = INITIAL_COMMAND, commandName = filter_greater_than_car, arguments = [3], worker = null)
2025-05-21 15:18:55.240 [Thread-8] INFO  network.TCPServer - Запрос на выполнение команды: filter_greater_than_car - вывести элементы, значение поля car которых больше заданного;
2025-05-21 15:19:03.081 [Thread-8] INFO  network.TCPServer - Получены данные о машине: Название машины : 4

2025-05-21 15:19:03.082 [Thread-8] INFO  network.TCPServer - Сформирован ответ клиенту: (type = null, success = true, message = Элементы с car больше 4: 
Чело...)
2025-05-21 15:20:16.816 [Thread-8] INFO  network.TCPServer - Получен запрос: (type = INITIAL_COMMAND, commandName = print_descending, arguments = [], worker = null)
2025-05-21 15:20:16.822 [Thread-8] INFO  network.TCPServer - Запрос на выполнение команды: print_descending - вывести элементы коллекции в порядке убывания;
2025-05-21 15:20:16.830 [Thread-8] ERROR network.TCPServer - Ошибка при обработке соединения: [commands.PrintDescendingCommand.lambda$execute$1(PrintDescendingCommand.java:26), java.base/java.util.stream.ForEachOps$ForEachOp$OfRef.accept(ForEachOps.java:183), java.base/java.util.stream.SortedOps$SizedRefSortingSink.end(SortedOps.java:357), java.base/java.util.stream.AbstractPipeline.copyInto(AbstractPipeline.java:510), java.base/java.util.stream.AbstractPipeline.wrapAndCopyInto(AbstractPipeline.java:499), java.base/java.util.stream.ForEachOps$ForEachOp.evaluateSequential(ForEachOps.java:150), java.base/java.util.stream.ForEachOps$ForEachOp$OfRef.evaluateSequential(ForEachOps.java:173), java.base/java.util.stream.AbstractPipeline.evaluate(AbstractPipeline.java:234), java.base/java.util.stream.ReferencePipeline.forEach(ReferencePipeline.java:596), commands.PrintDescendingCommand.execute(PrintDescendingCommand.java:26), managers.CommandManager.executeCommand(CommandManager.java:38), network.TCPServer.handleConnection(TCPServer.java:113), network.TCPServer.lambda$start$0(TCPServer.java:77), java.base/java.lang.Thread.run(Thread.java:842)]
2025-05-21 15:20:16.830 [Thread-8] INFO  network.TCPServer - Соединение с клиентом закрыто!
2025-05-21 17:08:29.269 [main] INFO  network.TCPServer - Сервер запущен на порту 5556
2025-05-21 17:08:29.272 [Thread-0] INFO  network.TCPServer - Доступен интерактивный режим админа
2025-05-21 17:08:42.396 [main] INFO  network.TCPServer - Подключение от клиента №1
2025-05-21 17:08:54.731 [Thread-0] INFO  network.TCPServer - Выполнение команды администратора: help
2025-05-21 17:09:01.184 [Thread-1] INFO  network.TCPServer - Получен запрос: (type = INITIAL_COMMAND, commandName = add, arguments = [], worker = null)
2025-05-21 17:09:01.184 [Thread-1] INFO  network.TCPServer - Запрос на выполнение команды: add - добавить новый элемент в коллекцию;
2025-05-21 17:09:01.186 [Thread-1] INFO  network.TCPServer - Сформирован ответ клиенту: (type = NEED_HUMAN_DATA, success = false, message = Требуется ввести данные о чело...)
2025-06-03 16:41:29.265 [main] INFO  network.TCPServer - Сервер запущен на порту 5550
2025-06-03 16:41:29.267 [Thread-0] INFO  network.TCPServer - Доступен интерактивный режим админа
2025-06-03 16:41:41.522 [main] INFO  network.TCPServer - Подключение от клиента №1
2025-06-03 16:42:06.229 [Thread-1] INFO  network.TCPServer - Получен запрос: (type = SCRIPT_TRANSFER, commandName = execute_script, arguments = [script1.txt], worker = null)
2025-06-03 16:42:06.230 [Thread-1] INFO  network.TCPServer - Начало выполнения скрипта: script1.txt
2025-06-03 16:42:06.235 [Thread-1] INFO  network.TCPServer - Сформирован ответ клиенту: (type = INFO, success = false, message = === Начало выполнения скрипта ...)
2025-06-03 16:42:23.811 [Thread-1] INFO  network.TCPServer - Получен запрос: (type = SCRIPT_TRANSFER, commandName = execute_script, arguments = [script1.txt], worker = null)
2025-06-03 16:42:23.811 [Thread-1] INFO  network.TCPServer - Начало выполнения скрипта: script1.txt
2025-06-03 16:42:23.812 [Thread-1] INFO  network.TCPServer - Сформирован ответ клиенту: (type = INFO, success = false, message = === Начало выполнения скрипта ...)
2025-06-03 16:42:29.812 [Thread-1] ERROR network.TCPServer - Ошибка при обработке соединения: [java.base/java.io.ObjectInputStream$BlockDataInputStream.peekByte(ObjectInputStream.java:3225), java.base/java.io.ObjectInputStream.readObject0(ObjectInputStream.java:1695), java.base/java.io.ObjectInputStream.readObject(ObjectInputStream.java:514), java.base/java.io.ObjectInputStream.readObject(ObjectInputStream.java:472), network.TCPServer.handleConnection(TCPServer.java:97), network.TCPServer.lambda$start$0(TCPServer.java:76), java.base/java.lang.Thread.run(Thread.java:842)]
2025-06-03 16:42:29.816 [Thread-1] INFO  network.TCPServer - Соединение с клиентом закрыто!
2025-06-03 16:42:47.808 [main] INFO  network.TCPServer - Подключение от клиента №2
2025-06-03 16:42:50.258 [Thread-2] INFO  network.TCPServer - Получен запрос: (type = SCRIPT_TRANSFER, commandName = execute_script, arguments = [client/src/script1.txt], worker = null)
2025-06-03 16:42:50.258 [Thread-2] INFO  network.TCPServer - Начало выполнения скрипта: client/src/script1.txt
2025-06-03 16:42:50.266 [Thread-2] INFO  network.TCPServer - Сформирован ответ клиенту: (type = INFO, success = false, message = === Начало выполнения скрипта ...)
2025-06-03 16:43:22.314 [Thread-2] INFO  network.TCPServer - Получен запрос: (type = SCRIPT_TRANSFER, commandName = execute_script, arguments = [client/src/script1.txt], worker = null)
2025-06-03 16:43:22.317 [Thread-2] INFO  network.TCPServer - Начало выполнения скрипта: client/src/script1.txt
2025-06-03 16:43:22.319 [Thread-2] INFO  network.TCPServer - Сформирован ответ клиенту: (type = INFO, success = false, message = === Начало выполнения скрипта ...)
2025-06-03 16:43:28.729 [Thread-2] INFO  network.TCPServer - Получен запрос: (type = SCRIPT_TRANSFER, commandName = execute_script, arguments = [client/src/script1.txt], worker = null)
2025-06-03 16:43:28.730 [Thread-2] INFO  network.TCPServer - Начало выполнения скрипта: client/src/script1.txt
2025-06-03 16:43:28.730 [Thread-2] INFO  network.TCPServer - Сформирован ответ клиенту: (type = INFO, success = false, message = === Начало выполнения скрипта ...)
2025-06-03 16:43:45.533 [Thread-2] INFO  network.TCPServer - Получен запрос: (type = SCRIPT_TRANSFER, commandName = execute_script, arguments = [client/src/script2.txt], worker = null)
2025-06-03 16:43:45.536 [Thread-2] INFO  network.TCPServer - Начало выполнения скрипта: client/src/script2.txt
2025-06-03 16:43:45.536 [Thread-2] INFO  network.TCPServer - Сформирован ответ клиенту: (type = INFO, success = false, message = === Начало выполнения скрипта ...)
2025-06-03 16:49:33.777 [Thread-2] INFO  network.TCPServer - Получен запрос: (type = INITIAL_COMMAND, commandName = SHOW, arguments = [], worker = null)
2025-06-03 16:49:33.784 [Thread-2] WARN  network.TCPServer - Сформирован ответ клиенту: (type = ERROR, success = false, message = Введена некорректная команда!)
2025-06-03 16:49:36.875 [Thread-2] INFO  network.TCPServer - Получен запрос: (type = INITIAL_COMMAND, commandName = show, arguments = [], worker = null)
2025-06-03 16:49:36.879 [Thread-2] INFO  network.TCPServer - Запрос на выполнение команды: show - вывести все элементы коллекции;
2025-06-03 16:49:36.881 [Thread-2] INFO  network.TCPServer - Сформирован ответ клиенту: (type = INFO, success = true, message = Человек:
  ID: 3
  Имя: Ellie
...)
2025-06-09 20:44:23.527 [main] INFO  network.TCPServer - Сервер запущен на порту 5550
2025-06-09 20:44:23.530 [Thread-0] INFO  network.TCPServer - Доступен интерактивный режим админа
2025-06-09 20:44:27.927 [main] INFO  network.TCPServer - Подключение от клиента №1
2025-06-09 20:44:32.589 [Thread-1] INFO  network.TCPServer - Получен запрос: (type = INITIAL_COMMAND, commandName = рудз, arguments = [], worker = null)
2025-06-09 20:44:32.591 [Thread-1] WARN  network.TCPServer - Сформирован ответ клиенту: (type = ERROR, success = false, message = Введена некорректная команда!)
2025-06-09 20:44:36.290 [Thread-1] INFO  network.TCPServer - Получен запрос: (type = INITIAL_COMMAND, commandName = help, arguments = [], worker = null)
2025-06-09 20:44:36.292 [Thread-1] INFO  network.TCPServer - Запрос на выполнение команды: help - вывести справку по доступным командам;
2025-06-09 20:44:36.293 [Thread-1] INFO  network.TCPServer - Сформирован ответ клиенту: (type = INFO, success = true, message = Доступные команды:
add - добав...)
2025-06-09 20:44:38.790 [Thread-1] INFO  network.TCPServer - Получен запрос: (type = INITIAL_COMMAND, commandName = ADD, arguments = [], worker = null)
2025-06-09 20:44:38.791 [Thread-1] WARN  network.TCPServer - Сформирован ответ клиенту: (type = ERROR, success = false, message = Введена некорректная команда!)
2025-06-09 20:44:41.070 [Thread-1] INFO  network.TCPServer - Получен запрос: (type = INITIAL_COMMAND, commandName = add, arguments = [], worker = null)
2025-06-09 20:44:41.070 [Thread-1] INFO  network.TCPServer - Запрос на выполнение команды: add - добавить новый элемент в коллекцию;
2025-06-09 20:44:41.070 [Thread-1] INFO  network.TCPServer - Сформирован ответ клиенту: (type = NEED_HUMAN_DATA, success = false, message = Требуется ввести данные о чело...)
2025-06-09 20:45:00.965 [Thread-1] INFO  network.TCPServer - Получены данные о человеке: Человек:
  ID: не установлен
  Имя: g
  Координаты: (x, y) : (4.0, 3)
  Дата создания: не указана
  Настоящий герой?: true
  Есть зубочистка?: true
  Скорость удара: не указана
  Название саундтрека: 5
  Минут ожидания: 4.0
 Тип оружия: Хаммер
Информация о машине:      Название машины : 4


2025-06-09 20:45:00.968 [Thread-1] INFO  network.TCPServer - Сформирован ответ клиенту: (type = null, success = true, message = Работник добавлен в коллекцию)
2025-06-09 20:45:04.366 [Thread-1] INFO  network.TCPServer - Получен запрос: (type = INITIAL_COMMAND, commandName = show, arguments = [], worker = null)
2025-06-09 20:45:04.366 [Thread-1] INFO  network.TCPServer - Запрос на выполнение команды: show - вывести все элементы коллекции;
2025-06-09 20:45:04.369 [Thread-1] INFO  network.TCPServer - Сформирован ответ клиенту: (type = INFO, success = true, message = Человек:
  ID: 3
  Имя: Ellie
...)
2025-06-09 21:02:56.536 [Thread-1] ERROR network.TCPServer - Ошибка при обработке соединения: [java.base/java.io.ObjectInputStream$BlockDataInputStream.peekByte(ObjectInputStream.java:3225), java.base/java.io.ObjectInputStream.readObject0(ObjectInputStream.java:1695), java.base/java.io.ObjectInputStream.readObject(ObjectInputStream.java:514), java.base/java.io.ObjectInputStream.readObject(ObjectInputStream.java:472), network.TCPServer.handleConnection(TCPServer.java:97), network.TCPServer.lambda$start$0(TCPServer.java:76), java.base/java.lang.Thread.run(Thread.java:842)]
2025-06-09 21:02:56.541 [Thread-1] INFO  network.TCPServer - Соединение с клиентом закрыто!
2025-06-09 21:02:57.256 [main] INFO  network.TCPServer - Подключение от клиента №2
2025-06-09 21:03:01.400 [Thread-2] INFO  network.TCPServer - Получен запрос: (type = INITIAL_COMMAND, commandName = show, arguments = [], worker = null)
2025-06-09 21:03:01.401 [Thread-2] INFO  network.TCPServer - Запрос на выполнение команды: show - вывести все элементы коллекции;
2025-06-09 21:03:01.402 [Thread-2] INFO  network.TCPServer - Сформирован ответ клиенту: (type = INFO, success = true, message = Человек:
  ID: 3
  Имя: Ellie
...)
2025-06-09 21:03:08.464 [Thread-2] ERROR network.TCPServer - Ошибка при обработке соединения: [java.base/java.io.ObjectInputStream$BlockDataInputStream.peekByte(ObjectInputStream.java:3225), java.base/java.io.ObjectInputStream.readObject0(ObjectInputStream.java:1695), java.base/java.io.ObjectInputStream.readObject(ObjectInputStream.java:514), java.base/java.io.ObjectInputStream.readObject(ObjectInputStream.java:472), network.TCPServer.handleConnection(TCPServer.java:97), network.TCPServer.lambda$start$0(TCPServer.java:76), java.base/java.lang.Thread.run(Thread.java:842)]
2025-06-09 21:03:08.465 [Thread-2] INFO  network.TCPServer - Соединение с клиентом закрыто!
2025-06-09 21:03:13.238 [main] INFO  network.TCPServer - Сервер запущен на порту 5550
2025-06-09 21:03:13.240 [Thread-0] INFO  network.TCPServer - Доступен интерактивный режим админа
2025-06-09 21:03:17.181 [main] INFO  network.TCPServer - Подключение от клиента №1
2025-06-09 21:03:19.518 [Thread-1] INFO  network.TCPServer - Получен запрос: (type = INITIAL_COMMAND, commandName = show, arguments = [], worker = null)
2025-06-09 21:03:19.519 [Thread-1] INFO  network.TCPServer - Запрос на выполнение команды: show - вывести все элементы коллекции;
2025-06-09 21:03:19.525 [Thread-1] INFO  network.TCPServer - Сформирован ответ клиенту: (type = INFO, success = true, message = +----+-----------+------------...)
2025-06-09 21:07:37.279 [main] INFO  network.TCPServer - Сервер запущен на порту 5550
2025-06-09 21:07:37.281 [Thread-0] INFO  network.TCPServer - Доступен интерактивный режим админа
2025-06-09 21:07:40.528 [main] INFO  network.TCPServer - Подключение от клиента №1
2025-06-09 21:07:43.702 [Thread-1] INFO  network.TCPServer - Получен запрос: (type = INITIAL_COMMAND, commandName = ырщц, arguments = [], worker = null)
2025-06-09 21:07:43.705 [Thread-1] WARN  network.TCPServer - Сформирован ответ клиенту: (type = ERROR, success = false, message = Введена некорректная команда!)
2025-06-09 21:07:45.711 [Thread-1] INFO  network.TCPServer - Получен запрос: (type = INITIAL_COMMAND, commandName = show, arguments = [], worker = null)
2025-06-09 21:07:45.712 [Thread-1] INFO  network.TCPServer - Запрос на выполнение команды: show - вывести все элементы коллекции;
2025-06-09 21:07:45.719 [Thread-1] ERROR network.TCPServer - Ошибка при обработке соединения: [java.base/java.util.Formatter$FormatSpecifier.failConversion(Formatter.java:4442), java.base/java.util.Formatter$FormatSpecifier.printFloat(Formatter.java:2976), java.base/java.util.Formatter$FormatSpecifier.print(Formatter.java:2924), java.base/java.util.Formatter.format(Formatter.java:2689), java.base/java.util.Formatter.format(Formatter.java:2625), java.base/java.lang.String.format(String.java:4147), mainClasses.HumanBeing.toTableRow(HumanBeing.java:185), java.base/java.util.stream.ReferencePipeline$3$1.accept(ReferencePipeline.java:197), java.base/java.util.stream.SortedOps$SizedRefSortingSink.end(SortedOps.java:357), java.base/java.util.stream.AbstractPipeline.copyInto(AbstractPipeline.java:510), java.base/java.util.stream.AbstractPipeline.wrapAndCopyInto(AbstractPipeline.java:499), java.base/java.util.stream.ReduceOps$ReduceOp.evaluateSequential(ReduceOps.java:921), java.base/java.util.stream.AbstractPipeline.evaluate(AbstractPipeline.java:234), java.base/java.util.stream.ReferencePipeline.collect(ReferencePipeline.java:682), managers.CollectionManager.showCollectionElements(CollectionManager.java:96), commands.ShowCommand.execute(ShowCommand.java:18), managers.CommandManager.executeCommand(CommandManager.java:38), network.TCPServer.handleConnection(TCPServer.java:112), network.TCPServer.lambda$start$0(TCPServer.java:76), java.base/java.lang.Thread.run(Thread.java:842)]
2025-06-09 21:07:45.722 [Thread-1] INFO  network.TCPServer - Соединение с клиентом закрыто!
2025-06-09 21:07:54.712 [main] INFO  network.TCPServer - Подключение от клиента №2
2025-06-09 21:08:30.560 [Thread-2] INFO  network.TCPServer - Получен запрос: (type = INITIAL_COMMAND, commandName = show, arguments = [], worker = null)
2025-06-09 21:08:30.561 [Thread-2] INFO  network.TCPServer - Запрос на выполнение команды: show - вывести все элементы коллекции;
2025-06-09 21:08:30.561 [Thread-2] ERROR network.TCPServer - Ошибка при обработке соединения: [java.base/java.util.Formatter$FormatSpecifier.failConversion(Formatter.java:4442), java.base/java.util.Formatter$FormatSpecifier.printFloat(Formatter.java:2976), java.base/java.util.Formatter$FormatSpecifier.print(Formatter.java:2924), java.base/java.util.Formatter.format(Formatter.java:2689), java.base/java.util.Formatter.format(Formatter.java:2625), java.base/java.lang.String.format(String.java:4147), mainClasses.HumanBeing.toTableRow(HumanBeing.java:185), java.base/java.util.stream.ReferencePipeline$3$1.accept(ReferencePipeline.java:197), java.base/java.util.stream.SortedOps$SizedRefSortingSink.end(SortedOps.java:357), java.base/java.util.stream.AbstractPipeline.copyInto(AbstractPipeline.java:510), java.base/java.util.stream.AbstractPipeline.wrapAndCopyInto(AbstractPipeline.java:499), java.base/java.util.stream.ReduceOps$ReduceOp.evaluateSequential(ReduceOps.java:921), java.base/java.util.stream.AbstractPipeline.evaluate(AbstractPipeline.java:234), java.base/java.util.stream.ReferencePipeline.collect(ReferencePipeline.java:682), managers.CollectionManager.showCollectionElements(CollectionManager.java:96), commands.ShowCommand.execute(ShowCommand.java:18), managers.CommandManager.executeCommand(CommandManager.java:38), network.TCPServer.handleConnection(TCPServer.java:112), network.TCPServer.lambda$start$0(TCPServer.java:76), java.base/java.lang.Thread.run(Thread.java:842)]
2025-06-09 21:08:30.562 [Thread-2] INFO  network.TCPServer - Соединение с клиентом закрыто!
2025-06-09 21:10:43.120 [main] INFO  network.TCPServer - Подключение от клиента №3
2025-06-09 21:10:45.629 [Thread-3] INFO  network.TCPServer - Получен запрос: (type = INITIAL_COMMAND, commandName = ырщц, arguments = [], worker = null)
2025-06-09 21:10:45.629 [Thread-3] WARN  network.TCPServer - Сформирован ответ клиенту: (type = ERROR, success = false, message = Введена некорректная команда!)
2025-06-09 21:10:47.639 [Thread-3] INFO  network.TCPServer - Получен запрос: (type = INITIAL_COMMAND, commandName = show, arguments = [], worker = null)
2025-06-09 21:10:47.639 [Thread-3] INFO  network.TCPServer - Запрос на выполнение команды: show - вывести все элементы коллекции;
2025-06-09 21:10:47.640 [Thread-3] ERROR network.TCPServer - Ошибка при обработке соединения: [java.base/java.util.Formatter$FormatSpecifier.failConversion(Formatter.java:4442), java.base/java.util.Formatter$FormatSpecifier.printFloat(Formatter.java:2976), java.base/java.util.Formatter$FormatSpecifier.print(Formatter.java:2924), java.base/java.util.Formatter.format(Formatter.java:2689), java.base/java.util.Formatter.format(Formatter.java:2625), java.base/java.lang.String.format(String.java:4147), mainClasses.HumanBeing.toTableRow(HumanBeing.java:185), java.base/java.util.stream.ReferencePipeline$3$1.accept(ReferencePipeline.java:197), java.base/java.util.stream.SortedOps$SizedRefSortingSink.end(SortedOps.java:357), java.base/java.util.stream.AbstractPipeline.copyInto(AbstractPipeline.java:510), java.base/java.util.stream.AbstractPipeline.wrapAndCopyInto(AbstractPipeline.java:499), java.base/java.util.stream.ReduceOps$ReduceOp.evaluateSequential(ReduceOps.java:921), java.base/java.util.stream.AbstractPipeline.evaluate(AbstractPipeline.java:234), java.base/java.util.stream.ReferencePipeline.collect(ReferencePipeline.java:682), managers.CollectionManager.showCollectionElements(CollectionManager.java:96), commands.ShowCommand.execute(ShowCommand.java:18), managers.CommandManager.executeCommand(CommandManager.java:38), network.TCPServer.handleConnection(TCPServer.java:112), network.TCPServer.lambda$start$0(TCPServer.java:76), java.base/java.lang.Thread.run(Thread.java:842)]
2025-06-09 21:10:47.641 [Thread-3] INFO  network.TCPServer - Соединение с клиентом закрыто!
2025-06-09 21:11:33.605 [main] INFO  network.TCPServer - Подключение от клиента №4
2025-06-09 21:11:35.772 [Thread-4] INFO  network.TCPServer - Получен запрос: (type = INITIAL_COMMAND, commandName = show, arguments = [], worker = null)
2025-06-09 21:11:35.773 [Thread-4] INFO  network.TCPServer - Запрос на выполнение команды: show - вывести все элементы коллекции;
2025-06-09 21:11:35.773 [Thread-4] ERROR network.TCPServer - Ошибка при обработке соединения: [java.base/java.util.Formatter$FormatSpecifier.failConversion(Formatter.java:4442), java.base/java.util.Formatter$FormatSpecifier.printFloat(Formatter.java:2976), java.base/java.util.Formatter$FormatSpecifier.print(Formatter.java:2924), java.base/java.util.Formatter.format(Formatter.java:2689), java.base/java.util.Formatter.format(Formatter.java:2625), java.base/java.lang.String.format(String.java:4147), mainClasses.HumanBeing.toTableRow(HumanBeing.java:185), java.base/java.util.stream.ReferencePipeline$3$1.accept(ReferencePipeline.java:197), java.base/java.util.stream.SortedOps$SizedRefSortingSink.end(SortedOps.java:357), java.base/java.util.stream.AbstractPipeline.copyInto(AbstractPipeline.java:510), java.base/java.util.stream.AbstractPipeline.wrapAndCopyInto(AbstractPipeline.java:499), java.base/java.util.stream.ReduceOps$ReduceOp.evaluateSequential(ReduceOps.java:921), java.base/java.util.stream.AbstractPipeline.evaluate(AbstractPipeline.java:234), java.base/java.util.stream.ReferencePipeline.collect(ReferencePipeline.java:682), managers.CollectionManager.showCollectionElements(CollectionManager.java:96), commands.ShowCommand.execute(ShowCommand.java:18), managers.CommandManager.executeCommand(CommandManager.java:38), network.TCPServer.handleConnection(TCPServer.java:112), network.TCPServer.lambda$start$0(TCPServer.java:76), java.base/java.lang.Thread.run(Thread.java:842)]
2025-06-09 21:11:35.773 [Thread-4] INFO  network.TCPServer - Соединение с клиентом закрыто!
2025-06-09 21:12:01.864 [main] INFO  network.TCPServer - Подключение от клиента №5
2025-06-09 21:12:03.840 [Thread-5] INFO  network.TCPServer - Получен запрос: (type = INITIAL_COMMAND, commandName = shpow, arguments = [], worker = null)
2025-06-09 21:12:03.841 [Thread-5] WARN  network.TCPServer - Сформирован ответ клиенту: (type = ERROR, success = false, message = Введена некорректная команда!)
2025-06-09 21:12:05.722 [Thread-5] INFO  network.TCPServer - Получен запрос: (type = INITIAL_COMMAND, commandName = show, arguments = [], worker = null)
2025-06-09 21:12:05.722 [Thread-5] INFO  network.TCPServer - Запрос на выполнение команды: show - вывести все элементы коллекции;
2025-06-09 21:12:05.723 [Thread-5] ERROR network.TCPServer - Ошибка при обработке соединения: [java.base/java.util.Formatter$FormatSpecifier.failConversion(Formatter.java:4442), java.base/java.util.Formatter$FormatSpecifier.printFloat(Formatter.java:2976), java.base/java.util.Formatter$FormatSpecifier.print(Formatter.java:2924), java.base/java.util.Formatter.format(Formatter.java:2689), java.base/java.util.Formatter.format(Formatter.java:2625), java.base/java.lang.String.format(String.java:4147), mainClasses.HumanBeing.toTableRow(HumanBeing.java:185), java.base/java.util.stream.ReferencePipeline$3$1.accept(ReferencePipeline.java:197), java.base/java.util.stream.SortedOps$SizedRefSortingSink.end(SortedOps.java:357), java.base/java.util.stream.AbstractPipeline.copyInto(AbstractPipeline.java:510), java.base/java.util.stream.AbstractPipeline.wrapAndCopyInto(AbstractPipeline.java:499), java.base/java.util.stream.ReduceOps$ReduceOp.evaluateSequential(ReduceOps.java:921), java.base/java.util.stream.AbstractPipeline.evaluate(AbstractPipeline.java:234), java.base/java.util.stream.ReferencePipeline.collect(ReferencePipeline.java:682), managers.CollectionManager.showCollectionElements(CollectionManager.java:96), commands.ShowCommand.execute(ShowCommand.java:18), managers.CommandManager.executeCommand(CommandManager.java:38), network.TCPServer.handleConnection(TCPServer.java:112), network.TCPServer.lambda$start$0(TCPServer.java:76), java.base/java.lang.Thread.run(Thread.java:842)]
2025-06-09 21:12:05.723 [Thread-5] INFO  network.TCPServer - Соединение с клиентом закрыто!
2025-06-09 21:12:08.483 [main] INFO  network.TCPServer - Подключение от клиента №6
2025-06-09 21:13:41.925 [Thread-6] ERROR network.TCPServer - Ошибка при обработке соединения: [java.base/java.io.ObjectInputStream$BlockDataInputStream.peekByte(ObjectInputStream.java:3225), java.base/java.io.ObjectInputStream.readObject0(ObjectInputStream.java:1695), java.base/java.io.ObjectInputStream.readObject(ObjectInputStream.java:514), java.base/java.io.ObjectInputStream.readObject(ObjectInputStream.java:472), network.TCPServer.handleConnection(TCPServer.java:97), network.TCPServer.lambda$start$0(TCPServer.java:76), java.base/java.lang.Thread.run(Thread.java:842)]
2025-06-09 21:13:41.927 [Thread-6] INFO  network.TCPServer - Соединение с клиентом закрыто!
2025-06-09 21:13:42.647 [main] INFO  network.TCPServer - Подключение от клиента №7
2025-06-09 21:13:44.600 [Thread-7] INFO  network.TCPServer - Получен запрос: (type = INITIAL_COMMAND, commandName = show, arguments = [], worker = null)
2025-06-09 21:13:44.601 [Thread-7] INFO  network.TCPServer - Запрос на выполнение команды: show - вывести все элементы коллекции;
2025-06-09 21:13:44.601 [Thread-7] ERROR network.TCPServer - Ошибка при обработке соединения: [java.base/java.util.Formatter$FormatSpecifier.failConversion(Formatter.java:4442), java.base/java.util.Formatter$FormatSpecifier.printFloat(Formatter.java:2976), java.base/java.util.Formatter$FormatSpecifier.print(Formatter.java:2924), java.base/java.util.Formatter.format(Formatter.java:2689), java.base/java.util.Formatter.format(Formatter.java:2625), java.base/java.lang.String.format(String.java:4147), mainClasses.HumanBeing.toTableRow(HumanBeing.java:185), java.base/java.util.stream.ReferencePipeline$3$1.accept(ReferencePipeline.java:197), java.base/java.util.stream.SortedOps$SizedRefSortingSink.end(SortedOps.java:357), java.base/java.util.stream.AbstractPipeline.copyInto(AbstractPipeline.java:510), java.base/java.util.stream.AbstractPipeline.wrapAndCopyInto(AbstractPipeline.java:499), java.base/java.util.stream.ReduceOps$ReduceOp.evaluateSequential(ReduceOps.java:921), java.base/java.util.stream.AbstractPipeline.evaluate(AbstractPipeline.java:234), java.base/java.util.stream.ReferencePipeline.collect(ReferencePipeline.java:682), managers.CollectionManager.showCollectionElements(CollectionManager.java:96), commands.ShowCommand.execute(ShowCommand.java:18), managers.CommandManager.executeCommand(CommandManager.java:38), network.TCPServer.handleConnection(TCPServer.java:112), network.TCPServer.lambda$start$0(TCPServer.java:76), java.base/java.lang.Thread.run(Thread.java:842)]
2025-06-09 21:13:44.602 [Thread-7] INFO  network.TCPServer - Соединение с клиентом закрыто!
2025-06-09 21:18:46.966 [main] INFO  network.TCPServer - Сервер запущен на порту 5550
2025-06-09 21:18:46.968 [Thread-0] INFO  network.TCPServer - Доступен интерактивный режим админа
2025-06-09 21:18:51.888 [main] INFO  network.TCPServer - Подключение от клиента №1
2025-06-09 21:18:57.527 [Thread-1] INFO  network.TCPServer - Получен запрос: (type = INITIAL_COMMAND, commandName = show, arguments = [], worker = null)
2025-06-09 21:18:57.528 [Thread-1] INFO  network.TCPServer - Запрос на выполнение команды: show - вывести все элементы коллекции;
2025-06-09 21:18:57.530 [Thread-1] ERROR network.TCPServer - Ошибка при обработке соединения: [java.base/java.util.Formatter$FormatSpecifier.failConversion(Formatter.java:4442), java.base/java.util.Formatter$FormatSpecifier.printFloat(Formatter.java:2976), java.base/java.util.Formatter$FormatSpecifier.print(Formatter.java:2924), java.base/java.util.Formatter.format(Formatter.java:2689), java.base/java.util.Formatter.format(Formatter.java:2625), java.base/java.lang.String.format(String.java:4147), mainClasses.HumanBeing.toTableRow(HumanBeing.java:225), java.base/java.util.stream.ReferencePipeline$3$1.accept(ReferencePipeline.java:197), java.base/java.util.stream.SortedOps$SizedRefSortingSink.end(SortedOps.java:357), java.base/java.util.stream.AbstractPipeline.copyInto(AbstractPipeline.java:510), java.base/java.util.stream.AbstractPipeline.wrapAndCopyInto(AbstractPipeline.java:499), java.base/java.util.stream.ReduceOps$ReduceOp.evaluateSequential(ReduceOps.java:921), java.base/java.util.stream.AbstractPipeline.evaluate(AbstractPipeline.java:234), java.base/java.util.stream.ReferencePipeline.collect(ReferencePipeline.java:682), managers.CollectionManager.showCollectionElements(CollectionManager.java:96), commands.ShowCommand.execute(ShowCommand.java:18), managers.CommandManager.executeCommand(CommandManager.java:38), network.TCPServer.handleConnection(TCPServer.java:112), network.TCPServer.lambda$start$0(TCPServer.java:76), java.base/java.lang.Thread.run(Thread.java:842)]
2025-06-09 21:18:57.532 [Thread-1] INFO  network.TCPServer - Соединение с клиентом закрыто!
2025-06-09 21:28:53.679 [main] INFO  network.TCPServer - Подключение от клиента №2
2025-06-09 21:28:56.861 [Thread-2] INFO  network.TCPServer - Получен запрос: (type = INITIAL_COMMAND, commandName = ырщц, arguments = [], worker = null)
2025-06-09 21:28:56.867 [Thread-2] WARN  network.TCPServer - Сформирован ответ клиенту: (type = ERROR, success = false, message = Введена некорректная команда!)
2025-06-09 21:28:59.907 [Thread-2] INFO  network.TCPServer - Получен запрос: (type = INITIAL_COMMAND, commandName = show, arguments = [], worker = null)
2025-06-09 21:28:59.907 [Thread-2] INFO  network.TCPServer - Запрос на выполнение команды: show - вывести все элементы коллекции;
2025-06-09 21:28:59.909 [Thread-2] ERROR network.TCPServer - Ошибка при обработке соединения: [java.base/java.util.Formatter$FormatSpecifier.failConversion(Formatter.java:4442), java.base/java.util.Formatter$FormatSpecifier.printFloat(Formatter.java:2976), java.base/java.util.Formatter$FormatSpecifier.print(Formatter.java:2924), java.base/java.util.Formatter.format(Formatter.java:2689), java.base/java.util.Formatter.format(Formatter.java:2625), java.base/java.lang.String.format(String.java:4147), mainClasses.HumanBeing.toTableRow(HumanBeing.java:225), java.base/java.util.stream.ReferencePipeline$3$1.accept(ReferencePipeline.java:197), java.base/java.util.stream.SortedOps$SizedRefSortingSink.end(SortedOps.java:357), java.base/java.util.stream.AbstractPipeline.copyInto(AbstractPipeline.java:510), java.base/java.util.stream.AbstractPipeline.wrapAndCopyInto(AbstractPipeline.java:499), java.base/java.util.stream.ReduceOps$ReduceOp.evaluateSequential(ReduceOps.java:921), java.base/java.util.stream.AbstractPipeline.evaluate(AbstractPipeline.java:234), java.base/java.util.stream.ReferencePipeline.collect(ReferencePipeline.java:682), managers.CollectionManager.showCollectionElements(CollectionManager.java:96), commands.ShowCommand.execute(ShowCommand.java:18), managers.CommandManager.executeCommand(CommandManager.java:38), network.TCPServer.handleConnection(TCPServer.java:112), network.TCPServer.lambda$start$0(TCPServer.java:76), java.base/java.lang.Thread.run(Thread.java:842)]
2025-06-09 21:28:59.910 [Thread-2] INFO  network.TCPServer - Соединение с клиентом закрыто!
2025-06-09 21:32:12.359 [main] INFO  network.TCPServer - Подключение от клиента №3
2025-06-09 21:32:15.260 [Thread-3] INFO  network.TCPServer - Получен запрос: (type = INITIAL_COMMAND, commandName = ырщц, arguments = [], worker = null)
2025-06-09 21:32:15.261 [Thread-3] WARN  network.TCPServer - Сформирован ответ клиенту: (type = ERROR, success = false, message = Введена некорректная команда!)
2025-06-09 21:32:18.182 [Thread-3] INFO  network.TCPServer - Получен запрос: (type = INITIAL_COMMAND, commandName = show, arguments = [], worker = null)
2025-06-09 21:32:18.183 [Thread-3] INFO  network.TCPServer - Запрос на выполнение команды: show - вывести все элементы коллекции;
2025-06-09 21:32:18.185 [Thread-3] ERROR network.TCPServer - Ошибка при обработке соединения: [java.base/java.util.Formatter$FormatSpecifier.failConversion(Formatter.java:4442), java.base/java.util.Formatter$FormatSpecifier.printFloat(Formatter.java:2976), java.base/java.util.Formatter$FormatSpecifier.print(Formatter.java:2924), java.base/java.util.Formatter.format(Formatter.java:2689), java.base/java.util.Formatter.format(Formatter.java:2625), java.base/java.lang.String.format(String.java:4147), mainClasses.HumanBeing.toTableRow(HumanBeing.java:225), java.base/java.util.stream.ReferencePipeline$3$1.accept(ReferencePipeline.java:197), java.base/java.util.stream.SortedOps$SizedRefSortingSink.end(SortedOps.java:357), java.base/java.util.stream.AbstractPipeline.copyInto(AbstractPipeline.java:510), java.base/java.util.stream.AbstractPipeline.wrapAndCopyInto(AbstractPipeline.java:499), java.base/java.util.stream.ReduceOps$ReduceOp.evaluateSequential(ReduceOps.java:921), java.base/java.util.stream.AbstractPipeline.evaluate(AbstractPipeline.java:234), java.base/java.util.stream.ReferencePipeline.collect(ReferencePipeline.java:682), managers.CollectionManager.showCollectionElements(CollectionManager.java:96), commands.ShowCommand.execute(ShowCommand.java:18), managers.CommandManager.executeCommand(CommandManager.java:38), network.TCPServer.handleConnection(TCPServer.java:112), network.TCPServer.lambda$start$0(TCPServer.java:76), java.base/java.lang.Thread.run(Thread.java:842)]
2025-06-09 21:32:18.185 [Thread-3] INFO  network.TCPServer - Соединение с клиентом закрыто!
2025-06-09 21:32:43.185 [main] INFO  network.TCPServer - Подключение от клиента №4
2025-06-09 21:32:45.788 [Thread-4] INFO  network.TCPServer - Получен запрос: (type = INITIAL_COMMAND, commandName = show, arguments = [], worker = null)
2025-06-09 21:32:45.789 [Thread-4] INFO  network.TCPServer - Запрос на выполнение команды: show - вывести все элементы коллекции;
2025-06-09 21:32:45.789 [Thread-4] ERROR network.TCPServer - Ошибка при обработке соединения: [java.base/java.util.Formatter$FormatSpecifier.failConversion(Formatter.java:4442), java.base/java.util.Formatter$FormatSpecifier.printFloat(Formatter.java:2976), java.base/java.util.Formatter$FormatSpecifier.print(Formatter.java:2924), java.base/java.util.Formatter.format(Formatter.java:2689), java.base/java.util.Formatter.format(Formatter.java:2625), java.base/java.lang.String.format(String.java:4147), mainClasses.HumanBeing.toTableRow(HumanBeing.java:225), java.base/java.util.stream.ReferencePipeline$3$1.accept(ReferencePipeline.java:197), java.base/java.util.stream.SortedOps$SizedRefSortingSink.end(SortedOps.java:357), java.base/java.util.stream.AbstractPipeline.copyInto(AbstractPipeline.java:510), java.base/java.util.stream.AbstractPipeline.wrapAndCopyInto(AbstractPipeline.java:499), java.base/java.util.stream.ReduceOps$ReduceOp.evaluateSequential(ReduceOps.java:921), java.base/java.util.stream.AbstractPipeline.evaluate(AbstractPipeline.java:234), java.base/java.util.stream.ReferencePipeline.collect(ReferencePipeline.java:682), managers.CollectionManager.showCollectionElements(CollectionManager.java:96), commands.ShowCommand.execute(ShowCommand.java:18), managers.CommandManager.executeCommand(CommandManager.java:38), network.TCPServer.handleConnection(TCPServer.java:112), network.TCPServer.lambda$start$0(TCPServer.java:76), java.base/java.lang.Thread.run(Thread.java:842)]
2025-06-09 21:32:45.789 [Thread-4] INFO  network.TCPServer - Соединение с клиентом закрыто!
2025-06-09 21:34:19.846 [main] INFO  network.TCPServer - Подключение от клиента №5
2025-06-09 21:34:25.236 [Thread-5] INFO  network.TCPServer - Получен запрос: (type = INITIAL_COMMAND, commandName = show, arguments = [], worker = null)
2025-06-09 21:34:25.236 [Thread-5] INFO  network.TCPServer - Запрос на выполнение команды: show - вывести все элементы коллекции;
2025-06-09 21:34:25.236 [Thread-5] ERROR network.TCPServer - Ошибка при обработке соединения: [java.base/java.util.Formatter$FormatSpecifier.failConversion(Formatter.java:4442), java.base/java.util.Formatter$FormatSpecifier.printFloat(Formatter.java:2976), java.base/java.util.Formatter$FormatSpecifier.print(Formatter.java:2924), java.base/java.util.Formatter.format(Formatter.java:2689), java.base/java.util.Formatter.format(Formatter.java:2625), java.base/java.lang.String.format(String.java:4147), mainClasses.HumanBeing.toTableRow(HumanBeing.java:225), java.base/java.util.stream.ReferencePipeline$3$1.accept(ReferencePipeline.java:197), java.base/java.util.stream.SortedOps$SizedRefSortingSink.end(SortedOps.java:357), java.base/java.util.stream.AbstractPipeline.copyInto(AbstractPipeline.java:510), java.base/java.util.stream.AbstractPipeline.wrapAndCopyInto(AbstractPipeline.java:499), java.base/java.util.stream.ReduceOps$ReduceOp.evaluateSequential(ReduceOps.java:921), java.base/java.util.stream.AbstractPipeline.evaluate(AbstractPipeline.java:234), java.base/java.util.stream.ReferencePipeline.collect(ReferencePipeline.java:682), managers.CollectionManager.showCollectionElements(CollectionManager.java:96), commands.ShowCommand.execute(ShowCommand.java:18), managers.CommandManager.executeCommand(CommandManager.java:38), network.TCPServer.handleConnection(TCPServer.java:112), network.TCPServer.lambda$start$0(TCPServer.java:76), java.base/java.lang.Thread.run(Thread.java:842)]
2025-06-09 21:34:25.237 [Thread-5] INFO  network.TCPServer - Соединение с клиентом закрыто!
2025-06-09 21:35:42.843 [main] INFO  network.TCPServer - Сервер запущен на порту 5550
2025-06-09 21:35:42.845 [Thread-0] INFO  network.TCPServer - Доступен интерактивный режим админа
2025-06-09 21:35:54.567 [main] INFO  network.TCPServer - Подключение от клиента №1
2025-06-09 21:35:56.670 [Thread-1] INFO  network.TCPServer - Получен запрос: (type = INITIAL_COMMAND, commandName = show, arguments = [], worker = null)
2025-06-09 21:35:56.671 [Thread-1] INFO  network.TCPServer - Запрос на выполнение команды: show - вывести все элементы коллекции;
2025-06-09 21:35:56.675 [Thread-1] ERROR network.TCPServer - Ошибка при обработке соединения: [java.base/java.util.Formatter$FormatSpecifier.failConversion(Formatter.java:4442), java.base/java.util.Formatter$FormatSpecifier.printFloat(Formatter.java:2976), java.base/java.util.Formatter$FormatSpecifier.print(Formatter.java:2924), java.base/java.util.Formatter.format(Formatter.java:2689), java.base/java.util.Formatter.format(Formatter.java:2625), java.base/java.lang.String.format(String.java:4147), mainClasses.HumanBeing.toTableRow(HumanBeing.java:241), java.base/java.util.stream.ReferencePipeline$3$1.accept(ReferencePipeline.java:197), java.base/java.util.ArrayList$SubList$2.forEachRemaining(ArrayList.java:1481), java.base/java.util.stream.AbstractPipeline.copyInto(AbstractPipeline.java:509), java.base/java.util.stream.AbstractPipeline.wrapAndCopyInto(AbstractPipeline.java:499), java.base/java.util.stream.ReduceOps$ReduceOp.evaluateSequential(ReduceOps.java:921), java.base/java.util.stream.AbstractPipeline.evaluate(AbstractPipeline.java:234), java.base/java.util.stream.ReferencePipeline.collect(ReferencePipeline.java:682), managers.CollectionManager.showCollectionElements(CollectionManager.java:95), commands.ShowCommand.execute(ShowCommand.java:44), managers.CommandManager.executeCommand(CommandManager.java:38), network.TCPServer.handleConnection(TCPServer.java:112), network.TCPServer.lambda$start$0(TCPServer.java:76), java.base/java.lang.Thread.run(Thread.java:842)]
2025-06-09 21:35:56.678 [Thread-1] INFO  network.TCPServer - Соединение с клиентом закрыто!
2025-06-09 21:37:14.748 [main] INFO  network.TCPServer - Сервер запущен на порту 5550
2025-06-09 21:37:14.750 [Thread-0] INFO  network.TCPServer - Доступен интерактивный режим админа
2025-06-09 21:37:21.188 [main] INFO  network.TCPServer - Подключение от клиента №1
2025-06-09 21:37:24.137 [Thread-1] INFO  network.TCPServer - Получен запрос: (type = INITIAL_COMMAND, commandName = shpw, arguments = [], worker = null)
2025-06-09 21:37:24.140 [Thread-1] WARN  network.TCPServer - Сформирован ответ клиенту: (type = ERROR, success = false, message = Введена некорректная команда!)
2025-06-09 21:37:25.974 [Thread-1] INFO  network.TCPServer - Получен запрос: (type = INITIAL_COMMAND, commandName = show, arguments = [], worker = null)
2025-06-09 21:37:25.975 [Thread-1] INFO  network.TCPServer - Запрос на выполнение команды: show - вывести все элементы коллекции;
2025-06-09 21:37:25.986 [Thread-1] ERROR network.TCPServer - Ошибка при обработке соединения: [managers.CollectionManager.showCollectionElements(CollectionManager.java:104), commands.ShowCommand.execute(ShowCommand.java:44), managers.CommandManager.executeCommand(CommandManager.java:38), network.TCPServer.handleConnection(TCPServer.java:112), network.TCPServer.lambda$start$0(TCPServer.java:76), java.base/java.lang.Thread.run(Thread.java:842)]
2025-06-09 21:37:25.990 [Thread-1] INFO  network.TCPServer - Соединение с клиентом закрыто!
2025-06-09 21:42:14.554 [main] INFO  network.TCPServer - Сервер запущен на порту 5550
2025-06-09 21:42:14.556 [Thread-0] INFO  network.TCPServer - Доступен интерактивный режим админа
2025-06-09 21:42:20.383 [main] INFO  network.TCPServer - Подключение от клиента №1
2025-06-09 21:42:26.201 [Thread-1] INFO  network.TCPServer - Получен запрос: (type = INITIAL_COMMAND, commandName = show], arguments = [], worker = null)
2025-06-09 21:42:26.204 [Thread-1] WARN  network.TCPServer - Сформирован ответ клиенту: (type = ERROR, success = false, message = Введена некорректная команда!)
2025-06-09 21:42:29.840 [Thread-1] INFO  network.TCPServer - Получен запрос: (type = INITIAL_COMMAND, commandName = show, arguments = [], worker = null)
2025-06-09 21:42:29.840 [Thread-1] INFO  network.TCPServer - Запрос на выполнение команды: show - вывести все элементы коллекции;
2025-06-09 21:42:29.853 [Thread-1] INFO  network.TCPServer - Сформирован ответ клиенту: (type = INFO, success = true, message = +------+------+------------+--...)
2025-06-09 21:44:29.205 [main] INFO  network.TCPServer - Сервер запущен на порту 5550
2025-06-09 21:44:29.206 [Thread-0] INFO  network.TCPServer - Доступен интерактивный режим админа
2025-06-09 21:44:32.558 [main] INFO  network.TCPServer - Подключение от клиента №1
2025-06-09 21:44:38.121 [Thread-1] INFO  network.TCPServer - Получен запрос: (type = INITIAL_COMMAND, commandName = show, arguments = [], worker = null)
2025-06-09 21:44:38.122 [Thread-1] INFO  network.TCPServer - Запрос на выполнение команды: show - вывести все элементы коллекции;
2025-06-09 21:44:38.125 [Thread-1] ERROR network.TCPServer - Ошибка при обработке соединения: [java.base/java.util.Formatter$FormatSpecifier.failConversion(Formatter.java:4442), java.base/java.util.Formatter$FormatSpecifier.printFloat(Formatter.java:2976), java.base/java.util.Formatter$FormatSpecifier.print(Formatter.java:2924), java.base/java.util.Formatter.format(Formatter.java:2689), java.base/java.util.Formatter.format(Formatter.java:2625), java.base/java.lang.String.format(String.java:4147), mainClasses.HumanBeing.toTableRow(HumanBeing.java:140), java.base/java.util.stream.ReferencePipeline$3$1.accept(ReferencePipeline.java:197), java.base/java.util.ArrayList$SubList$2.forEachRemaining(ArrayList.java:1481), java.base/java.util.stream.AbstractPipeline.copyInto(AbstractPipeline.java:509), java.base/java.util.stream.AbstractPipeline.wrapAndCopyInto(AbstractPipeline.java:499), java.base/java.util.stream.ReduceOps$ReduceOp.evaluateSequential(ReduceOps.java:921), java.base/java.util.stream.AbstractPipeline.evaluate(AbstractPipeline.java:234), java.base/java.util.stream.ReferencePipeline.collect(ReferencePipeline.java:682), managers.CollectionManager.showCollectionElements(CollectionManager.java:151), commands.ShowCommand.execute(ShowCommand.java:44), managers.CommandManager.executeCommand(CommandManager.java:38), network.TCPServer.handleConnection(TCPServer.java:112), network.TCPServer.lambda$start$0(TCPServer.java:76), java.base/java.lang.Thread.run(Thread.java:842)]
2025-06-09 21:44:38.127 [Thread-1] INFO  network.TCPServer - Соединение с клиентом закрыто!
2025-06-09 21:47:07.892 [main] INFO  network.TCPServer - Сервер запущен на порту 5550
2025-06-09 21:47:07.894 [Thread-0] INFO  network.TCPServer - Доступен интерактивный режим админа
2025-06-09 21:47:12.970 [main] INFO  network.TCPServer - Подключение от клиента №1
2025-06-09 21:47:17.047 [Thread-1] INFO  network.TCPServer - Получен запрос: (type = INITIAL_COMMAND, commandName = show, arguments = [], worker = null)
2025-06-09 21:47:17.047 [Thread-1] INFO  network.TCPServer - Запрос на выполнение команды: show - вывести все элементы коллекции;
2025-06-09 21:47:17.055 [Thread-1] ERROR network.TCPServer - Ошибка при обработке соединения: [java.base/java.util.Formatter$FormatSpecifier.failConversion(Formatter.java:4442), java.base/java.util.Formatter$FormatSpecifier.printFloat(Formatter.java:2976), java.base/java.util.Formatter$FormatSpecifier.print(Formatter.java:2924), java.base/java.util.Formatter.format(Formatter.java:2689), java.base/java.util.Formatter.format(Formatter.java:2625), java.base/java.lang.String.format(String.java:4147), mainClasses.HumanBeing.toTableRow(HumanBeing.java:154), java.base/java.util.stream.ReferencePipeline$3$1.accept(ReferencePipeline.java:197), java.base/java.util.ArrayList$SubList$2.forEachRemaining(ArrayList.java:1481), java.base/java.util.stream.AbstractPipeline.copyInto(AbstractPipeline.java:509), java.base/java.util.stream.AbstractPipeline.wrapAndCopyInto(AbstractPipeline.java:499), java.base/java.util.stream.ReduceOps$ReduceOp.evaluateSequential(ReduceOps.java:921), java.base/java.util.stream.AbstractPipeline.evaluate(AbstractPipeline.java:234), java.base/java.util.stream.ReferencePipeline.collect(ReferencePipeline.java:682), managers.CollectionManager.showCollectionElements(CollectionManager.java:151), commands.ShowCommand.execute(ShowCommand.java:44), managers.CommandManager.executeCommand(CommandManager.java:38), network.TCPServer.handleConnection(TCPServer.java:112), network.TCPServer.lambda$start$0(TCPServer.java:76), java.base/java.lang.Thread.run(Thread.java:842)]
2025-06-09 21:47:17.057 [Thread-1] INFO  network.TCPServer - Соединение с клиентом закрыто!
2025-06-09 21:48:20.040 [main] INFO  network.TCPServer - Сервер запущен на порту 5550
2025-06-09 21:48:20.042 [Thread-0] INFO  network.TCPServer - Доступен интерактивный режим админа
2025-06-09 21:48:22.803 [main] INFO  network.TCPServer - Подключение от клиента №1
2025-06-09 21:48:27.280 [Thread-1] INFO  network.TCPServer - Получен запрос: (type = INITIAL_COMMAND, commandName = show, arguments = [], worker = null)
2025-06-09 21:48:27.281 [Thread-1] INFO  network.TCPServer - Запрос на выполнение команды: show - вывести все элементы коллекции;
2025-06-09 21:48:27.287 [Thread-1] ERROR network.TCPServer - Ошибка при обработке соединения: [java.base/java.util.Formatter$FormatSpecifier.failConversion(Formatter.java:4442), java.base/java.util.Formatter$FormatSpecifier.printFloat(Formatter.java:2976), java.base/java.util.Formatter$FormatSpecifier.print(Formatter.java:2924), java.base/java.util.Formatter.format(Formatter.java:2689), java.base/java.util.Formatter.format(Formatter.java:2625), java.base/java.lang.String.format(String.java:4147), mainClasses.HumanBeing.toTableRow(HumanBeing.java:154), java.base/java.util.stream.ReferencePipeline$3$1.accept(ReferencePipeline.java:197), java.base/java.util.ArrayList$SubList$2.forEachRemaining(ArrayList.java:1481), java.base/java.util.stream.AbstractPipeline.copyInto(AbstractPipeline.java:509), java.base/java.util.stream.AbstractPipeline.wrapAndCopyInto(AbstractPipeline.java:499), java.base/java.util.stream.ReduceOps$ReduceOp.evaluateSequential(ReduceOps.java:921), java.base/java.util.stream.AbstractPipeline.evaluate(AbstractPipeline.java:234), java.base/java.util.stream.ReferencePipeline.collect(ReferencePipeline.java:682), managers.CollectionManager.showCollectionElements(CollectionManager.java:151), commands.ShowCommand.execute(ShowCommand.java:44), managers.CommandManager.executeCommand(CommandManager.java:38), network.TCPServer.handleConnection(TCPServer.java:112), network.TCPServer.lambda$start$0(TCPServer.java:76), java.base/java.lang.Thread.run(Thread.java:842)]
2025-06-09 21:48:27.290 [Thread-1] INFO  network.TCPServer - Соединение с клиентом закрыто!
2025-06-09 21:52:20.920 [main] INFO  network.TCPServer - Сервер запущен на порту 5550
2025-06-09 21:52:20.922 [Thread-0] INFO  network.TCPServer - Доступен интерактивный режим админа
2025-06-09 21:52:25.947 [main] INFO  network.TCPServer - Подключение от клиента №1
2025-06-09 21:52:31.264 [Thread-1] INFO  network.TCPServer - Получен запрос: (type = INITIAL_COMMAND, commandName = show, arguments = [], worker = null)
2025-06-09 21:52:31.265 [Thread-1] INFO  network.TCPServer - Запрос на выполнение команды: show - вывести все элементы коллекции;
2025-06-09 21:52:31.273 [Thread-1] ERROR network.TCPServer - Ошибка при обработке соединения: [java.base/java.util.Formatter$FormatSpecifier.failConversion(Formatter.java:4442), java.base/java.util.Formatter$FormatSpecifier.printFloat(Formatter.java:2976), java.base/java.util.Formatter$FormatSpecifier.print(Formatter.java:2924), java.base/java.util.Formatter.format(Formatter.java:2689), java.base/java.util.Formatter.format(Formatter.java:2625), java.base/java.lang.String.format(String.java:4147), mainClasses.HumanBeing.toTableRow(HumanBeing.java:164), java.base/java.util.stream.ReferencePipeline$3$1.accept(ReferencePipeline.java:197), java.base/java.util.ArrayList$SubList$2.forEachRemaining(ArrayList.java:1481), java.base/java.util.stream.AbstractPipeline.copyInto(AbstractPipeline.java:509), java.base/java.util.stream.AbstractPipeline.wrapAndCopyInto(AbstractPipeline.java:499), java.base/java.util.stream.ReduceOps$ReduceOp.evaluateSequential(ReduceOps.java:921), java.base/java.util.stream.AbstractPipeline.evaluate(AbstractPipeline.java:234), java.base/java.util.stream.ReferencePipeline.collect(ReferencePipeline.java:682), managers.CollectionManager.showCollectionElements(CollectionManager.java:151), commands.ShowCommand.execute(ShowCommand.java:44), managers.CommandManager.executeCommand(CommandManager.java:38), network.TCPServer.handleConnection(TCPServer.java:112), network.TCPServer.lambda$start$0(TCPServer.java:76), java.base/java.lang.Thread.run(Thread.java:842)]
2025-06-09 21:52:31.275 [Thread-1] INFO  network.TCPServer - Соединение с клиентом закрыто!
2025-06-09 21:53:49.414 [main] INFO  network.TCPServer - Сервер запущен на порту 5550
2025-06-09 21:53:49.416 [Thread-0] INFO  network.TCPServer - Доступен интерактивный режим админа
2025-06-09 21:53:52.232 [main] INFO  network.TCPServer - Подключение от клиента №1
2025-06-09 21:53:58.775 [Thread-1] INFO  network.TCPServer - Получен запрос: (type = INITIAL_COMMAND, commandName = show, arguments = [], worker = null)
2025-06-09 21:53:58.775 [Thread-1] INFO  network.TCPServer - Запрос на выполнение команды: show - вывести все элементы коллекции;
2025-06-09 21:53:58.788 [Thread-1] INFO  network.TCPServer - Сформирован ответ клиенту: (type = INFO, success = true, message = +------+-----------+----------...)
2025-06-09 22:03:49.814 [Thread-1] INFO  network.TCPServer - Получен запрос: (type = INITIAL_COMMAND, commandName = add, arguments = [], worker = null)
2025-06-09 22:03:49.816 [Thread-1] INFO  network.TCPServer - Запрос на выполнение команды: add - добавить новый элемент в коллекцию;
2025-06-09 22:03:49.816 [Thread-1] INFO  network.TCPServer - Сформирован ответ клиенту: (type = NEED_HUMAN_DATA, success = false, message = Требуется ввести данные о чело...)
2025-06-09 22:04:15.167 [Thread-1] INFO  network.TCPServer - Получены данные о человеке: Человек:
  ID: не установлен
  Имя: пикми
  Координаты: (x, y) : (4.0, 4)
  Дата создания: не указана
  Настоящий герой?: false
  Есть зубочистка?: false
  Скорость удара: 4.0
  Название саундтрека: e
  Минут ожидания: 5.0
 Тип оружия: Хаммер
  Информация о машине:
    Название машины : 4
    

2025-06-09 22:04:15.170 [Thread-1] INFO  network.TCPServer - Сформирован ответ клиенту: (type = null, success = true, message = Работник добавлен в коллекцию)
2025-06-09 22:04:17.684 [Thread-1] INFO  network.TCPServer - Получен запрос: (type = INITIAL_COMMAND, commandName = show, arguments = [], worker = null)
2025-06-09 22:04:17.685 [Thread-1] INFO  network.TCPServer - Запрос на выполнение команды: show - вывести все элементы коллекции;
2025-06-09 22:04:17.691 [Thread-1] INFO  network.TCPServer - Сформирован ответ клиенту: (type = INFO, success = true, message = +------+-----------+----------...)
2025-06-09 22:05:17.447 [Thread-1] INFO  network.TCPServer - Получен запрос: (type = INITIAL_COMMAND, commandName = add, arguments = [], worker = null)
2025-06-09 22:05:17.449 [Thread-1] INFO  network.TCPServer - Запрос на выполнение команды: add - добавить новый элемент в коллекцию;
2025-06-09 22:05:17.449 [Thread-1] INFO  network.TCPServer - Сформирован ответ клиенту: (type = NEED_HUMAN_DATA, success = false, message = Требуется ввести данные о чело...)
2025-06-09 22:05:33.786 [Thread-1] INFO  network.TCPServer - Получены данные о человеке: Человек:
  ID: не установлен
  Имя: r
  Координаты: (x, y) : (5.0, 5)
  Дата создания: не указана
  Настоящий герой?: true
  Есть зубочистка?: true
  Скорость удара: 4.0
  Название саундтрека: 5
  Минут ожидания: 4.0
 Тип оружия: Хаммер
  Информация о машине:
    Название машины : 4
    

2025-06-09 22:05:33.787 [Thread-1] INFO  network.TCPServer - Сформирован ответ клиенту: (type = null, success = true, message = Работник добавлен в коллекцию)
2025-06-09 22:05:36.028 [Thread-1] INFO  network.TCPServer - Получен запрос: (type = INITIAL_COMMAND, commandName = show, arguments = [], worker = null)
2025-06-09 22:05:36.029 [Thread-1] INFO  network.TCPServer - Запрос на выполнение команды: show - вывести все элементы коллекции;
2025-06-09 22:05:36.034 [Thread-1] INFO  network.TCPServer - Сформирован ответ клиенту: (type = INFO, success = true, message = +------+-----------+----------...)
2025-06-09 22:08:27.380 [Thread-1] INFO  network.TCPServer - Получен запрос: (type = INITIAL_COMMAND, commandName = filter_greater_than_car, arguments = [3], worker = null)
2025-06-09 22:08:27.383 [Thread-1] INFO  network.TCPServer - Запрос на выполнение команды: filter_greater_than_car - вывести элементы, значение поля car которых больше заданного;
2025-06-09 22:08:40.514 [Thread-1] INFO  network.TCPServer - Получены данные о машине: Название машины : Jeep

2025-06-09 22:08:40.520 [Thread-1] INFO  network.TCPServer - Сформирован ответ клиенту: (type = null, success = true, message = Элементы с car больше Jeep: 
Ч...)
2025-06-09 22:09:00.135 [Thread-1] INFO  network.TCPServer - Получен запрос: (type = INITIAL_COMMAND, commandName = print_descending, arguments = [], worker = null)
2025-06-09 22:09:00.137 [Thread-1] INFO  network.TCPServer - Запрос на выполнение команды: print_descending - вывести элементы коллекции в порядке убывания;
2025-06-09 22:09:00.140 [Thread-1] ERROR network.TCPServer - Ошибка при обработке соединения: [commands.PrintDescendingCommand.lambda$execute$1(PrintDescendingCommand.java:26), java.base/java.util.stream.ForEachOps$ForEachOp$OfRef.accept(ForEachOps.java:183), java.base/java.util.stream.SortedOps$SizedRefSortingSink.end(SortedOps.java:357), java.base/java.util.stream.AbstractPipeline.copyInto(AbstractPipeline.java:510), java.base/java.util.stream.AbstractPipeline.wrapAndCopyInto(AbstractPipeline.java:499), java.base/java.util.stream.ForEachOps$ForEachOp.evaluateSequential(ForEachOps.java:150), java.base/java.util.stream.ForEachOps$ForEachOp$OfRef.evaluateSequential(ForEachOps.java:173), java.base/java.util.stream.AbstractPipeline.evaluate(AbstractPipeline.java:234), java.base/java.util.stream.ReferencePipeline.forEach(ReferencePipeline.java:596), commands.PrintDescendingCommand.execute(PrintDescendingCommand.java:26), managers.CommandManager.executeCommand(CommandManager.java:38), network.TCPServer.handleConnection(TCPServer.java:112), network.TCPServer.lambda$start$0(TCPServer.java:76), java.base/java.lang.Thread.run(Thread.java:842)]
2025-06-09 22:09:00.145 [Thread-1] INFO  network.TCPServer - Соединение с клиентом закрыто!
2025-06-09 22:10:33.462 [main] INFO  network.TCPServer - Подключение от клиента №2
2025-06-09 22:10:40.330 [Thread-2] INFO  network.TCPServer - Получен запрос: (type = INITIAL_COMMAND, commandName = help, arguments = [], worker = null)
2025-06-09 22:10:40.332 [Thread-2] INFO  network.TCPServer - Запрос на выполнение команды: help - вывести справку по доступным командам;
2025-06-09 22:10:40.333 [Thread-2] INFO  network.TCPServer - Сформирован ответ клиенту: (type = INFO, success = true, message = Доступные команды:
add - добав...)
2025-06-09 22:10:47.246 [Thread-2] INFO  network.TCPServer - Получен запрос: (type = INITIAL_COMMAND, commandName = print_descending, arguments = [], worker = null)
2025-06-09 22:10:47.248 [Thread-2] INFO  network.TCPServer - Запрос на выполнение команды: print_descending - вывести элементы коллекции в порядке убывания;
2025-06-09 22:10:47.250 [Thread-2] ERROR network.TCPServer - Ошибка при обработке соединения: [commands.PrintDescendingCommand.lambda$execute$1(PrintDescendingCommand.java:26), java.base/java.util.stream.ForEachOps$ForEachOp$OfRef.accept(ForEachOps.java:183), java.base/java.util.stream.SortedOps$SizedRefSortingSink.end(SortedOps.java:357), java.base/java.util.stream.AbstractPipeline.copyInto(AbstractPipeline.java:510), java.base/java.util.stream.AbstractPipeline.wrapAndCopyInto(AbstractPipeline.java:499), java.base/java.util.stream.ForEachOps$ForEachOp.evaluateSequential(ForEachOps.java:150), java.base/java.util.stream.ForEachOps$ForEachOp$OfRef.evaluateSequential(ForEachOps.java:173), java.base/java.util.stream.AbstractPipeline.evaluate(AbstractPipeline.java:234), java.base/java.util.stream.ReferencePipeline.forEach(ReferencePipeline.java:596), commands.PrintDescendingCommand.execute(PrintDescendingCommand.java:26), managers.CommandManager.executeCommand(CommandManager.java:38), network.TCPServer.handleConnection(TCPServer.java:112), network.TCPServer.lambda$start$0(TCPServer.java:76), java.base/java.lang.Thread.run(Thread.java:842)]
2025-06-09 22:10:47.251 [Thread-2] INFO  network.TCPServer - Соединение с клиентом закрыто!
2025-06-09 22:20:01.400 [main] INFO  network.TCPServer - Сервер запущен на порту 5550
2025-06-09 22:20:01.401 [Thread-0] INFO  network.TCPServer - Доступен интерактивный режим админа
2025-06-09 22:20:05.540 [main] INFO  network.TCPServer - Сервер запущен на порту 5550
2025-06-09 22:20:05.541 [Thread-0] INFO  network.TCPServer - Доступен интерактивный режим админа
2025-06-09 22:20:08.974 [main] INFO  network.TCPServer - Подключение от клиента №1
2025-06-09 22:20:13.042 [Thread-1] INFO  network.TCPServer - Получен запрос: (type = INITIAL_COMMAND, commandName = help, arguments = [], worker = null)
2025-06-09 22:20:13.043 [Thread-1] INFO  network.TCPServer - Запрос на выполнение команды: help - вывести справку по доступным командам;
2025-06-09 22:20:13.046 [Thread-1] INFO  network.TCPServer - Сформирован ответ клиенту: (type = INFO, success = true, message = Доступные команды:
add - добав...)
2025-06-09 22:20:24.933 [Thread-1] INFO  network.TCPServer - Получен запрос: (type = INITIAL_COMMAND, commandName = print_descending, arguments = [], worker = null)
2025-06-09 22:20:24.933 [Thread-1] INFO  network.TCPServer - Запрос на выполнение команды: print_descending - вывести элементы коллекции в порядке убывания;
2025-06-09 22:20:24.937 [Thread-1] INFO  network.TCPServer - Сформирован ответ клиенту: (type = INFO, success = true, message = Человек:
  ID: 6
  Имя: f
  Ко...)
2025-06-09 22:24:58.604 [main] INFO  network.TCPServer - Сервер запущен на порту 5550
2025-06-09 22:24:58.606 [Thread-0] INFO  network.TCPServer - Доступен интерактивный режим админа
2025-06-09 22:25:00.311 [main] INFO  network.TCPServer - Подключение от клиента №1
2025-06-09 22:25:08.388 [Thread-1] INFO  network.TCPServer - Получен запрос: (type = INITIAL_COMMAND, commandName = help, arguments = [], worker = null)
2025-06-09 22:25:08.389 [Thread-1] INFO  network.TCPServer - Запрос на выполнение команды: help - вывести справку по доступным командам;
2025-06-09 22:25:08.392 [Thread-1] INFO  network.TCPServer - Сформирован ответ клиенту: (type = INFO, success = true, message = Доступные команды:
add - добав...)
2025-06-09 22:25:13.413 [Thread-1] INFO  network.TCPServer - Получен запрос: (type = INITIAL_COMMAND, commandName = print_descending, arguments = [], worker = null)
2025-06-09 22:25:13.413 [Thread-1] INFO  network.TCPServer - Запрос на выполнение команды: print_descending - вывести элементы коллекции в порядке убывания (в виде таблицы);
2025-06-09 22:25:13.429 [Thread-1] INFO  network.TCPServer - Сформирован ответ клиенту: (type = INFO, success = true, message = | ID | Имя       | Координаты ...)
2025-06-09 22:25:24.947 [Thread-1] INFO  network.TCPServer - Получен запрос: (type = INITIAL_COMMAND, commandName = show, arguments = [], worker = null)
2025-06-09 22:25:24.948 [Thread-1] INFO  network.TCPServer - Запрос на выполнение команды: show - вывести все элементы коллекции;
2025-06-09 22:25:24.957 [Thread-1] INFO  network.TCPServer - Сформирован ответ клиенту: (type = INFO, success = true, message = +------+-----------+----------...)
2025-06-09 23:40:10.721 [main] INFO  network.TCPServer - Сервер запущен на порту 5550
2025-06-09 23:40:10.723 [Thread-0] INFO  network.TCPServer - Доступен интерактивный режим админа
2025-06-09 23:40:13.184 [main] INFO  network.TCPServer - Подключение от клиента №1
2025-06-09 23:40:19.973 [Thread-1] INFO  network.TCPServer - Получен запрос: (type = INITIAL_COMMAND, commandName = help, arguments = [], worker = null)
2025-06-09 23:40:19.974 [Thread-1] INFO  network.TCPServer - Запрос на выполнение команды: help - вывести справку по доступным командам;
2025-06-09 23:40:19.977 [Thread-1] INFO  network.TCPServer - Сформирован ответ клиенту: (type = INFO, success = true, message = Доступные команды:
add - добав...)
2025-06-09 23:40:22.939 [Thread-1] INFO  network.TCPServer - Получен запрос: (type = INITIAL_COMMAND, commandName = show, arguments = [], worker = null)
2025-06-09 23:40:22.940 [Thread-1] INFO  network.TCPServer - Запрос на выполнение команды: show - вывести все элементы коллекции;
2025-06-09 23:40:22.958 [Thread-1] INFO  network.TCPServer - Сформирован ответ клиенту: (type = INFO, success = true, message = +------+-----------+----------...)
2025-06-09 23:40:32.317 [Thread-1] INFO  network.TCPServer - Получен запрос: (type = INITIAL_COMMAND, commandName = print_descending, arguments = [], worker = null)
2025-06-09 23:40:32.318 [Thread-1] INFO  network.TCPServer - Запрос на выполнение команды: print_descending - вывести элементы коллекции в порядке убывания (в виде таблицы);
2025-06-09 23:40:32.325 [Thread-1] INFO  network.TCPServer - Сформирован ответ клиенту: (type = INFO, success = true, message = | ID | Имя       | Координаты ...)
2025-06-09 23:41:04.431 [Thread-1] INFO  network.TCPServer - Получен запрос: (type = INITIAL_COMMAND, commandName = show, arguments = [2], worker = null)
2025-06-09 23:41:04.432 [Thread-1] INFO  network.TCPServer - Запрос на выполнение команды: show - вывести все элементы коллекции;
2025-06-09 23:41:04.433 [Thread-1] INFO  network.TCPServer - Сформирован ответ клиенту: (type = INFO, success = true, message = Данная команда принимает 0 или...)
2025-06-09 23:41:14.163 [Thread-1] INFO  network.TCPServer - Получен запрос: (type = INITIAL_COMMAND, commandName = show, arguments = [2, 0], worker = null)
2025-06-09 23:41:14.164 [Thread-1] INFO  network.TCPServer - Запрос на выполнение команды: show - вывести все элементы коллекции;
2025-06-09 23:41:14.165 [Thread-1] INFO  network.TCPServer - Сформирован ответ клиенту: (type = INFO, success = true, message = Номер страницы и размер страни...)
2025-06-09 23:41:22.579 [Thread-1] INFO  network.TCPServer - Получен запрос: (type = INITIAL_COMMAND, commandName = show, arguments = [2, 2], worker = null)
2025-06-09 23:41:22.580 [Thread-1] INFO  network.TCPServer - Запрос на выполнение команды: show - вывести все элементы коллекции;
2025-06-09 23:41:22.582 [Thread-1] INFO  network.TCPServer - Сформирован ответ клиенту: (type = INFO, success = true, message = +------+------+------------+--...)
2025-06-09 23:50:49.158 [main] INFO  network.TCPServer - Сервер запущен на порту 5550
2025-06-09 23:50:49.160 [Thread-0] INFO  network.TCPServer - Доступен интерактивный режим админа
2025-06-09 23:50:54.292 [main] INFO  network.TCPServer - Подключение от клиента №1
2025-06-09 23:50:56.546 [Thread-1] INFO  network.TCPServer - Получен запрос: (type = INITIAL_COMMAND, commandName = show, arguments = [], worker = null)
2025-06-09 23:50:56.546 [Thread-1] INFO  network.TCPServer - Запрос на выполнение команды: show - вывести все элементы коллекции;
2025-06-09 23:50:56.560 [Thread-1] INFO  network.TCPServer - Сформирован ответ клиенту: (type = INFO, success = true, message = +------+-----------+----------...)
2025-06-09 23:51:01.888 [Thread-1] INFO  network.TCPServer - Получен запрос: (type = INITIAL_COMMAND, commandName = help, arguments = [], worker = null)
2025-06-09 23:51:01.889 [Thread-1] INFO  network.TCPServer - Запрос на выполнение команды: help - вывести справку по доступным командам;
2025-06-09 23:51:01.890 [Thread-1] INFO  network.TCPServer - Сформирован ответ клиенту: (type = INFO, success = true, message = Доступные команды:
add - добав...)
2025-06-09 23:51:11.547 [Thread-1] INFO  network.TCPServer - Получен запрос: (type = INITIAL_COMMAND, commandName = print_descending, arguments = [], worker = null)
2025-06-09 23:51:11.548 [Thread-1] INFO  network.TCPServer - Запрос на выполнение команды: print_descending - вывести элементы коллекции в порядке убывания по ID (в виде таблицы);
2025-06-09 23:51:11.552 [Thread-1] INFO  network.TCPServer - Сформирован ответ клиенту: (type = INFO, success = true, message = +------+-----------+----------...)
2025-06-09 23:54:32.595 [main] INFO  network.TCPServer - Сервер запущен на порту 5550
2025-06-09 23:54:32.597 [Thread-0] INFO  network.TCPServer - Доступен интерактивный режим админа
2025-06-09 23:54:36.677 [main] INFO  network.TCPServer - Подключение от клиента №1
2025-06-09 23:54:39.312 [Thread-1] INFO  network.TCPServer - Получен запрос: (type = INITIAL_COMMAND, commandName = show, arguments = [], worker = null)
2025-06-09 23:54:39.313 [Thread-1] INFO  network.TCPServer - Запрос на выполнение команды: show - вывести все элементы коллекции;
2025-06-09 23:54:39.329 [Thread-1] INFO  network.TCPServer - Сформирован ответ клиенту: (type = INFO, success = true, message = +------+-----------+----------...)
2025-06-09 23:54:43.330 [Thread-1] INFO  network.TCPServer - Получен запрос: (type = INITIAL_COMMAND, commandName = add, arguments = [], worker = null)
2025-06-09 23:54:43.330 [Thread-1] INFO  network.TCPServer - Запрос на выполнение команды: add - добавить новый элемент в коллекцию;
2025-06-09 23:54:43.331 [Thread-1] INFO  network.TCPServer - Сформирован ответ клиенту: (type = NEED_HUMAN_DATA, success = false, message = Требуется ввести данные о чело...)
2025-06-09 23:55:27.540 [Thread-1] INFO  network.TCPServer - Получены данные о человеке: Человек:
  ID: не установлен
  Имя: никитос
  Координаты: (x, y) : (0.0, 0)
  Дата создания: не указана
  Настоящий герой?: true
  Есть зубочистка?: true
  Скорость удара: 555.0
  Название саундтрека: Gangnam Style
  Минут ожидания: 1.0
 Тип оружия: Пистолет
  Информация о машине:
    Название машины : 5
    

2025-06-09 23:55:27.543 [Thread-1] INFO  network.TCPServer - Сформирован ответ клиенту: (type = null, success = true, message = Работник добавлен в коллекцию)
2025-06-09 23:55:31.508 [Thread-1] INFO  network.TCPServer - Получен запрос: (type = INITIAL_COMMAND, commandName = show, arguments = [], worker = null)
2025-06-09 23:55:31.509 [Thread-1] INFO  network.TCPServer - Запрос на выполнение команды: show - вывести все элементы коллекции;
2025-06-09 23:55:31.517 [Thread-1] INFO  network.TCPServer - Сформирован ответ клиенту: (type = INFO, success = true, message = +------+-----------+----------...)
2025-06-09 23:55:43.654 [Thread-1] INFO  network.TCPServer - Получен запрос: (type = INITIAL_COMMAND, commandName = help, arguments = [], worker = null)
2025-06-09 23:55:43.655 [Thread-1] INFO  network.TCPServer - Запрос на выполнение команды: help - вывести справку по доступным командам;
2025-06-09 23:55:43.655 [Thread-1] INFO  network.TCPServer - Сформирован ответ клиенту: (type = INFO, success = true, message = Доступные команды:
add - добав...)
2025-06-09 23:58:04.393 [Thread-1] ERROR network.TCPServer - Ошибка при обработке соединения: [java.base/java.io.ObjectInputStream$BlockDataInputStream.peekByte(ObjectInputStream.java:3225), java.base/java.io.ObjectInputStream.readObject0(ObjectInputStream.java:1695), java.base/java.io.ObjectInputStream.readObject(ObjectInputStream.java:514), java.base/java.io.ObjectInputStream.readObject(ObjectInputStream.java:472), network.TCPServer.handleConnection(TCPServer.java:97), network.TCPServer.lambda$start$0(TCPServer.java:76), java.base/java.lang.Thread.run(Thread.java:842)]
2025-06-09 23:58:04.400 [Thread-1] INFO  network.TCPServer - Соединение с клиентом закрыто!
2025-06-09 23:59:47.289 [main] INFO  network.TCPServer - Подключение от клиента №2
2025-06-09 23:59:49.214 [Thread-2] INFO  network.TCPServer - Получен запрос: (type = INITIAL_COMMAND, commandName = show, arguments = [], worker = null)
2025-06-09 23:59:49.214 [Thread-2] INFO  network.TCPServer - Запрос на выполнение команды: show - вывести все элементы коллекции;
2025-06-09 23:59:49.219 [Thread-2] INFO  network.TCPServer - Сформирован ответ клиенту: (type = INFO, success = true, message = +------+-----------+----------...)
2025-06-10 00:03:33.127 [Thread-2] INFO  network.TCPServer - Получен запрос: (type = INITIAL_COMMAND, commandName = help, arguments = [], worker = null)
2025-06-10 00:03:33.132 [Thread-2] INFO  network.TCPServer - Запрос на выполнение команды: help - вывести справку по доступным командам;
2025-06-10 00:03:33.133 [Thread-2] INFO  network.TCPServer - Сформирован ответ клиенту: (type = INFO, success = true, message = Доступные команды:
add - добав...)
2025-06-10 00:03:37.556 [Thread-2] INFO  network.TCPServer - Получен запрос: (type = INITIAL_COMMAND, commandName = print_descending, arguments = [], worker = null)
2025-06-10 00:03:37.556 [Thread-2] INFO  network.TCPServer - Запрос на выполнение команды: print_descending - вывести элементы коллекции в порядке убывания по ID (в виде таблицы);
2025-06-10 00:03:37.563 [Thread-2] INFO  network.TCPServer - Сформирован ответ клиенту: (type = INFO, success = true, message = +------+-----------+----------...)
2025-06-10 00:07:49.718 [Thread-2] INFO  network.TCPServer - Получен запрос: (type = INITIAL_COMMAND, commandName = filter_greater_than_car, arguments = [4], worker = null)
2025-06-10 00:07:49.721 [Thread-2] INFO  network.TCPServer - Запрос на выполнение команды: filter_greater_than_car - вывести элементы, значение поля car которых больше заданного;
2025-06-10 00:07:54.070 [Thread-2] INFO  network.TCPServer - Получены данные о машине: Название машины : 4

2025-06-10 00:07:54.075 [Thread-2] INFO  network.TCPServer - Сформирован ответ клиенту: (type = null, success = true, message = Элементы с car больше 4: 
Чело...)
2025-06-10 00:08:29.880 [Thread-2] INFO  network.TCPServer - Получен запрос: (type = INITIAL_COMMAND, commandName = filter_greater_than_car, arguments = [], worker = null)
2025-06-10 00:08:29.881 [Thread-2] INFO  network.TCPServer - Запрос на выполнение команды: filter_greater_than_car - вывести элементы, значение поля car которых больше заданного;
2025-06-10 00:08:34.340 [Thread-2] INFO  network.TCPServer - Получены данные о машине: Название машины : тайота

2025-06-10 00:08:34.341 [Thread-2] INFO  network.TCPServer - Сформирован ответ клиенту: (type = null, success = true, message = Элементы с car больше тайота: ...)
2025-06-10 00:08:45.827 [Thread-2] INFO  network.TCPServer - Получен запрос: (type = INITIAL_COMMAND, commandName = filter_greater_than_car, arguments = [], worker = null)
2025-06-10 00:08:45.828 [Thread-2] INFO  network.TCPServer - Запрос на выполнение команды: filter_greater_than_car - вывести элементы, значение поля car которых больше заданного;
2025-06-10 00:08:51.494 [Thread-2] INFO  network.TCPServer - Получены данные о машине: Название машины : mustang

2025-06-10 00:08:51.495 [Thread-2] INFO  network.TCPServer - Сформирован ответ клиенту: (type = null, success = true, message = Элементы с car больше mustang:...)
2025-06-10 00:08:56.965 [Thread-2] INFO  network.TCPServer - Получен запрос: (type = INITIAL_COMMAND, commandName = help, arguments = [], worker = null)
2025-06-10 00:08:56.966 [Thread-2] INFO  network.TCPServer - Запрос на выполнение команды: help - вывести справку по доступным командам;
2025-06-10 00:08:56.967 [Thread-2] INFO  network.TCPServer - Сформирован ответ клиенту: (type = INFO, success = true, message = Доступные команды:
add - добав...)
2025-06-10 00:10:19.057 [main] INFO  network.TCPServer - Сервер запущен на порту 5550
2025-06-10 00:10:19.059 [Thread-0] INFO  network.TCPServer - Доступен интерактивный режим админа
2025-06-10 00:10:32.739 [main] INFO  network.TCPServer - Подключение от клиента №1
2025-06-10 00:10:36.217 [Thread-1] INFO  network.TCPServer - Получен запрос: (type = INITIAL_COMMAND, commandName = help, arguments = [], worker = null)
2025-06-10 00:10:36.218 [Thread-1] INFO  network.TCPServer - Запрос на выполнение команды: help - вывести справку по доступным командам;
2025-06-10 00:10:36.221 [Thread-1] INFO  network.TCPServer - Сформирован ответ клиенту: (type = INFO, success = true, message = Доступные команды:
add - добав...)
2025-06-10 00:11:09.214 [Thread-0] INFO  network.TCPServer - Выполнение команды администратора: save
2025-06-10 00:14:09.230 [Thread-1] INFO  network.TCPServer - Получен запрос: (type = INITIAL_COMMAND, commandName = update, arguments = [], worker = null)
2025-06-10 00:14:09.231 [Thread-1] INFO  network.TCPServer - Сформирован ответ клиенту: (type = ERROR, success = false, message = У данной команды обязательно д...)
2025-06-10 00:14:09.232 [Thread-1] WARN  network.TCPServer - Команда была введена некорректно!
2025-06-10 00:14:16.292 [Thread-1] INFO  network.TCPServer - Получен запрос: (type = INITIAL_COMMAND, commandName = update, arguments = [1], worker = null)
2025-06-10 00:14:16.292 [Thread-1] INFO  network.TCPServer - Запрос на выполнение команды: update - обновить значение элемента коллекции, id которого равен заданному;
2025-06-10 00:14:16.292 [Thread-1] INFO  network.TCPServer - Сформирован ответ клиенту: (type = NEED_HUMAN_DATA, success = false, message = Требуется ввести данные о чело...)
2025-06-10 00:14:44.204 [Thread-1] INFO  network.TCPServer - Получены данные о человеке: Человек:
  ID: не установлен
  Имя: nikitos
  Координаты: (x, y) : (4.0, 4)
  Дата создания: не указана
  Настоящий герой?: true
  Есть зубочистка?: false
  Скорость удара: 3.0
  Название саундтрека: 3
  Минут ожидания: 4.0
 Тип оружия: Пистолет
  Информация о машине:
    Название машины : 4к
    

2025-06-10 00:14:44.207 [Thread-1] INFO  network.TCPServer - Сформирован ответ клиенту: (type = null, success = true, message = Использование: update [id])
2025-06-10 00:14:53.698 [Thread-1] INFO  network.TCPServer - Получен запрос: (type = INITIAL_COMMAND, commandName = show, arguments = [], worker = null)
2025-06-10 00:14:53.700 [Thread-1] INFO  network.TCPServer - Запрос на выполнение команды: show - вывести все элементы коллекции;
2025-06-10 00:14:53.718 [Thread-1] INFO  network.TCPServer - Сформирован ответ клиенту: (type = INFO, success = true, message = +------+-----------+----------...)
2025-06-10 00:15:19.368 [Thread-1] INFO  network.TCPServer - Получен запрос: (type = INITIAL_COMMAND, commandName = show, arguments = [], worker = null)
2025-06-10 00:15:19.371 [Thread-1] INFO  network.TCPServer - Запрос на выполнение команды: show - вывести все элементы коллекции;
2025-06-10 00:15:19.381 [Thread-1] INFO  network.TCPServer - Сформирован ответ клиенту: (type = INFO, success = true, message = +------+-----------+----------...)
2025-06-10 00:15:58.426 [Thread-1] ERROR network.TCPServer - Ошибка при обработке соединения: [java.base/java.io.ObjectInputStream$BlockDataInputStream.peekByte(ObjectInputStream.java:3225), java.base/java.io.ObjectInputStream.readObject0(ObjectInputStream.java:1695), java.base/java.io.ObjectInputStream.readObject(ObjectInputStream.java:514), java.base/java.io.ObjectInputStream.readObject(ObjectInputStream.java:472), network.TCPServer.handleConnection(TCPServer.java:97), network.TCPServer.lambda$start$0(TCPServer.java:76), java.base/java.lang.Thread.run(Thread.java:842)]
2025-06-10 00:15:58.429 [Thread-1] INFO  network.TCPServer - Соединение с клиентом закрыто!
2025-06-10 00:16:01.663 [main] INFO  network.TCPServer - Подключение от клиента №2
2025-06-10 00:16:04.045 [Thread-2] INFO  network.TCPServer - Получен запрос: (type = INITIAL_COMMAND, commandName = show, arguments = [], worker = null)
2025-06-10 00:16:04.045 [Thread-2] INFO  network.TCPServer - Запрос на выполнение команды: show - вывести все элементы коллекции;
2025-06-10 00:16:04.049 [Thread-2] INFO  network.TCPServer - Сформирован ответ клиенту: (type = INFO, success = true, message = +------+-----------+----------...)
2025-06-10 00:16:11.647 [Thread-2] INFO  network.TCPServer - Получен запрос: (type = INITIAL_COMMAND, commandName = update, arguments = [6], worker = null)
2025-06-10 00:16:11.647 [Thread-2] INFO  network.TCPServer - Запрос на выполнение команды: update - обновить значение элемента коллекции, id которого равен заданному;
2025-06-10 00:16:11.648 [Thread-2] INFO  network.TCPServer - Сформирован ответ клиенту: (type = NEED_HUMAN_DATA, success = false, message = Требуется ввести данные о чело...)
2025-06-10 00:16:27.407 [Thread-2] INFO  network.TCPServer - Получены данные о человеке: Человек:
  ID: не установлен
  Имя: rrr
  Координаты: (x, y) : (4.0, 4)
  Дата создания: не указана
  Настоящий герой?: false
  Есть зубочистка?: false
  Скорость удара: 2.0
  Название саундтрека: r
  Минут ожидания: 4.0
 Тип оружия: Пистолет
  Информация о машине:
    Название машины : f
    

2025-06-10 00:16:27.409 [Thread-2] INFO  network.TCPServer - Сформирован ответ клиенту: (type = null, success = true, message = Использование: update [id])
2025-06-10 00:16:31.227 [Thread-2] INFO  network.TCPServer - Получен запрос: (type = INITIAL_COMMAND, commandName = ырщц, arguments = [], worker = null)
2025-06-10 00:16:31.227 [Thread-2] WARN  network.TCPServer - Сформирован ответ клиенту: (type = ERROR, success = false, message = Введена некорректная команда!)
2025-06-10 00:16:33.870 [Thread-2] INFO  network.TCPServer - Получен запрос: (type = INITIAL_COMMAND, commandName = show, arguments = [], worker = null)
2025-06-10 00:16:33.870 [Thread-2] INFO  network.TCPServer - Запрос на выполнение команды: show - вывести все элементы коллекции;
2025-06-10 00:16:33.874 [Thread-2] INFO  network.TCPServer - Сформирован ответ клиенту: (type = INFO, success = true, message = +------+-----------+----------...)
2025-06-10 02:58:38.443 [Thread-2] INFO  network.TCPServer - Получен запрос: (type = INITIAL_COMMAND, commandName = help, arguments = [], worker = null)
2025-06-10 02:58:38.446 [Thread-2] INFO  network.TCPServer - Запрос на выполнение команды: help - вывести справку по доступным командам;
2025-06-10 02:58:38.447 [Thread-2] INFO  network.TCPServer - Сформирован ответ клиенту: (type = INFO, success = true, message = Доступные команды:
add - добав...)
2025-06-10 02:58:43.704 [Thread-2] INFO  network.TCPServer - Получен запрос: (type = INITIAL_COMMAND, commandName = info, arguments = [], worker = null)
2025-06-10 02:58:43.705 [Thread-2] INFO  network.TCPServer - Запрос на выполнение команды: info - вывести информацию о коллекции;
2025-06-10 02:58:43.713 [Thread-2] INFO  network.TCPServer - Сформирован ответ клиенту: (type = INFO, success = true, message = Тип коллекции - LinkedHashSet
...)
2025-06-10 02:58:50.123 [Thread-2] INFO  network.TCPServer - Получен запрос: (type = INITIAL_COMMAND, commandName = show, arguments = [], worker = null)
2025-06-10 02:58:50.123 [Thread-2] INFO  network.TCPServer - Запрос на выполнение команды: show - вывести все элементы коллекции;
2025-06-10 02:58:50.131 [Thread-2] INFO  network.TCPServer - Сформирован ответ клиенту: (type = INFO, success = true, message = +------+-----------+----------...)
2025-06-10 02:58:59.424 [Thread-2] INFO  network.TCPServer - Получен запрос: (type = INITIAL_COMMAND, commandName = ]add, arguments = [], worker = null)
2025-06-10 02:58:59.424 [Thread-2] WARN  network.TCPServer - Сформирован ответ клиенту: (type = ERROR, success = false, message = Введена некорректная команда!)
2025-06-10 02:59:05.019 [Thread-2] INFO  network.TCPServer - Получен запрос: (type = INITIAL_COMMAND, commandName = ad, arguments = [], worker = null)
2025-06-10 02:59:05.019 [Thread-2] WARN  network.TCPServer - Сформирован ответ клиенту: (type = ERROR, success = false, message = Введена некорректная команда!)
2025-06-10 02:59:08.334 [Thread-2] INFO  network.TCPServer - Получен запрос: (type = INITIAL_COMMAND, commandName = add, arguments = [], worker = null)
2025-06-10 02:59:08.335 [Thread-2] INFO  network.TCPServer - Запрос на выполнение команды: add - добавить новый элемент в коллекцию;
2025-06-10 02:59:08.335 [Thread-2] INFO  network.TCPServer - Сформирован ответ клиенту: (type = NEED_HUMAN_DATA, success = false, message = Требуется ввести данные о чело...)
2025-06-10 02:59:37.849 [Thread-2] INFO  network.TCPServer - Получены данные о человеке: Человек:
  ID: не установлен
  Имя: t
  Координаты: (x, y) : (5.0, 5)
  Дата создания: не указана
  Настоящий герой?: true
  Есть зубочистка?: true
  Скорость удара: 5.0
  Название саундтрека: g
  Минут ожидания: 6.0
 Тип оружия: Пистолет
  Информация о машине:
    Название машины : jg
    

2025-06-10 02:59:37.852 [Thread-2] INFO  network.TCPServer - Сформирован ответ клиенту: (type = null, success = true, message = Работник добавлен в коллекцию)
2025-06-10 02:59:49.051 [Thread-2] INFO  network.TCPServer - Получен запрос: (type = INITIAL_COMMAND, commandName = show, arguments = [], worker = null)
2025-06-10 02:59:49.053 [Thread-2] INFO  network.TCPServer - Запрос на выполнение команды: show - вывести все элементы коллекции;
2025-06-10 02:59:49.059 [Thread-2] INFO  network.TCPServer - Сформирован ответ клиенту: (type = INFO, success = true, message = +------+-----------+----------...)
2025-06-10 02:59:55.240 [Thread-2] ERROR network.TCPServer - Ошибка при обработке соединения: [java.base/java.io.ObjectInputStream$BlockDataInputStream.peekByte(ObjectInputStream.java:3225), java.base/java.io.ObjectInputStream.readObject0(ObjectInputStream.java:1695), java.base/java.io.ObjectInputStream.readObject(ObjectInputStream.java:514), java.base/java.io.ObjectInputStream.readObject(ObjectInputStream.java:472), network.TCPServer.handleConnection(TCPServer.java:97), network.TCPServer.lambda$start$0(TCPServer.java:76), java.base/java.lang.Thread.run(Thread.java:842)]
2025-06-10 02:59:55.241 [Thread-2] INFO  network.TCPServer - Соединение с клиентом закрыто!
2025-06-10 02:59:58.441 [main] INFO  network.TCPServer - Подключение от клиента №3
2025-06-10 03:00:00.648 [Thread-3] INFO  network.TCPServer - Получен запрос: (type = INITIAL_COMMAND, commandName = show, arguments = [], worker = null)
2025-06-10 03:00:00.648 [Thread-3] INFO  network.TCPServer - Запрос на выполнение команды: show - вывести все элементы коллекции;
2025-06-10 03:00:00.651 [Thread-3] INFO  network.TCPServer - Сформирован ответ клиенту: (type = INFO, success = true, message = +------+-----------+----------...)
2025-06-10 03:00:06.881 [Thread-0] INFO  network.TCPServer - Выполнение команды администратора: save
2025-06-10 03:02:26.490 [main] INFO  network.TCPServer - Сервер запущен на порту 5550
2025-06-10 03:02:26.492 [Thread-0] INFO  network.TCPServer - Доступен интерактивный режим админа
2025-06-10 03:02:28.770 [main] INFO  network.TCPServer - Подключение от клиента №1
2025-06-10 03:02:33.440 [Thread-1] INFO  network.TCPServer - Получен запрос: (type = INITIAL_COMMAND, commandName = show, arguments = [], worker = null)
2025-06-10 03:02:33.441 [Thread-1] INFO  network.TCPServer - Запрос на выполнение команды: show - вывести все элементы коллекции;
2025-06-10 03:02:33.458 [Thread-1] INFO  network.TCPServer - Сформирован ответ клиенту: (type = INFO, success = true, message = +------+-----------+----------...)
2025-06-10 03:03:38.640 [main] INFO  network.TCPServer - Сервер запущен на порту 5550
2025-06-10 03:03:38.642 [Thread-0] INFO  network.TCPServer - Доступен интерактивный режим админа
2025-06-10 03:03:41.320 [main] INFO  network.TCPServer - Подключение от клиента №1
2025-06-10 03:03:45.590 [Thread-1] INFO  network.TCPServer - Получен запрос: (type = INITIAL_COMMAND, commandName = show, arguments = [], worker = null)
2025-06-10 03:03:45.590 [Thread-1] INFO  network.TCPServer - Запрос на выполнение команды: show - вывести все элементы коллекции;
2025-06-10 03:03:45.607 [Thread-1] INFO  network.TCPServer - Сформирован ответ клиенту: (type = INFO, success = true, message = +------+-----------+----------...)
2025-06-10 03:03:58.452 [Thread-1] INFO  network.TCPServer - Получен запрос: (type = INITIAL_COMMAND, commandName = add, arguments = [], worker = null)
2025-06-10 03:03:58.453 [Thread-1] INFO  network.TCPServer - Запрос на выполнение команды: add - добавить новый элемент в коллекцию;
2025-06-10 03:03:58.453 [Thread-1] INFO  network.TCPServer - Сформирован ответ клиенту: (type = NEED_HUMAN_DATA, success = false, message = Требуется ввести данные о чело...)
2025-06-10 03:04:18.699 [Thread-1] INFO  network.TCPServer - Получены данные о человеке: Человек:
  ID: не установлен
  Имя: tt
  Координаты: (x, y) : (6.0, 6)
  Дата создания: не указана
  Настоящий герой?: true
  Есть зубочистка?: true
  Скорость удара: 6.0
  Название саундтрека: h
  Минут ожидания: 7.0
 Тип оружия: Хаммер
  Информация о машине:
    Название машины : j
    

2025-06-10 03:04:18.700 [Thread-1] INFO  network.TCPServer - Сформирован ответ клиенту: (type = null, success = true, message = Работник добавлен в коллекцию)
2025-06-10 03:04:22.329 [Thread-1] INFO  network.TCPServer - Получен запрос: (type = INITIAL_COMMAND, commandName = show, arguments = [], worker = null)
2025-06-10 03:04:22.329 [Thread-1] INFO  network.TCPServer - Запрос на выполнение команды: show - вывести все элементы коллекции;
2025-06-10 03:04:22.337 [Thread-1] INFO  network.TCPServer - Сформирован ответ клиенту: (type = INFO, success = true, message = +------+-----------+----------...)
2025-06-10 03:04:39.559 [Thread-1] ERROR network.TCPServer - Ошибка при обработке соединения: [java.base/java.io.ObjectInputStream$BlockDataInputStream.peekByte(ObjectInputStream.java:3225), java.base/java.io.ObjectInputStream.readObject0(ObjectInputStream.java:1695), java.base/java.io.ObjectInputStream.readObject(ObjectInputStream.java:514), java.base/java.io.ObjectInputStream.readObject(ObjectInputStream.java:472), network.TCPServer.handleConnection(TCPServer.java:97), network.TCPServer.lambda$start$0(TCPServer.java:76), java.base/java.lang.Thread.run(Thread.java:842)]
2025-06-10 03:04:39.562 [Thread-1] INFO  network.TCPServer - Соединение с клиентом закрыто!
2025-06-10 03:04:45.483 [main] INFO  network.TCPServer - Подключение от клиента №2
2025-06-10 03:04:49.204 [Thread-2] INFO  network.TCPServer - Получен запрос: (type = INITIAL_COMMAND, commandName = show, arguments = [], worker = null)
2025-06-10 03:04:49.205 [Thread-2] INFO  network.TCPServer - Запрос на выполнение команды: show - вывести все элементы коллекции;
2025-06-10 03:04:49.209 [Thread-2] INFO  network.TCPServer - Сформирован ответ клиенту: (type = INFO, success = true, message = +------+-----------+----------...)
2025-06-10 03:45:31.137 [main] INFO  network.TCPServer - Сервер запущен на порту 5550
2025-06-10 03:45:31.139 [Thread-0] INFO  network.TCPServer - Доступен интерактивный режим админа
2025-06-10 03:45:45.248 [main] INFO  network.TCPServer - Подключение от клиента №1
2025-06-10 03:45:49.127 [Thread-1] INFO  network.TCPServer - Получен запрос: (type = INITIAL_COMMAND, commandName = show, arguments = [], worker = null)
2025-06-10 03:45:49.128 [Thread-1] INFO  network.TCPServer - Запрос на выполнение команды: show - вывести все элементы коллекции;
2025-06-10 03:45:49.146 [Thread-1] INFO  network.TCPServer - Сформирован ответ клиенту: (type = INFO, success = true, message = +------+-----------+----------...)
2025-06-10 14:54:20.165 [main] INFO  network.TCPServer - Сервер запущен на порту 5550
2025-06-10 14:54:20.170 [Thread-0] INFO  network.TCPServer - Доступен интерактивный режим админа
2025-06-10 14:54:22.728 [main] INFO  network.TCPServer - Подключение от клиента №1
2025-06-10 14:54:24.982 [Thread-1] INFO  network.TCPServer - Получен запрос: (type = INITIAL_COMMAND, commandName = show, arguments = [], worker = null)
2025-06-10 14:54:24.983 [Thread-1] INFO  network.TCPServer - Запрос на выполнение команды: show - вывести все элементы коллекции;
2025-06-10 14:54:24.999 [Thread-1] INFO  network.TCPServer - Сформирован ответ клиенту: (type = INFO, success = true, message = +------+-----------+----------...)
2025-06-12 01:01:29.474 [main] INFO  network.TCPServer - Сервер запущен на порту 5550
2025-06-12 01:01:29.476 [Thread-0] INFO  network.TCPServer - Доступен интерактивный режим админа
2025-06-12 01:01:35.159 [main] INFO  network.TCPServer - Подключение от клиента №1
2025-06-12 01:01:40.765 [ForkJoinPool-1-worker-1] INFO  network.TCPServer - Получен запрос: (type = INITIAL_COMMAND, commandName = show, arguments = [], worker = null)
2025-06-12 01:01:40.767 [pool-2-thread-1] INFO  network.TCPServer - Запрос на выполнение команды: show - вывести все элементы коллекции;
2025-06-12 01:01:40.784 [pool-2-thread-1] INFO  network.TCPServer - Сформирован ответ клиенту: (type = INFO, success = true, message = +------+-----------+----------...)
2025-06-12 01:27:46.300 [main] INFO  network.TCPServer - Сервер запущен на порту 5550
2025-06-12 01:27:46.304 [Thread-0] INFO  network.TCPServer - Доступен интерактивный режим админа
2025-06-12 01:27:52.716 [main] INFO  network.TCPServer - Подключение от клиента №1
2025-06-12 01:27:52.717 [main] INFO  network.TCPServer - Начало отключения сервера
2025-06-12 01:27:52.752 [main] INFO  network.TCPServer - Соединение с клиентом закрыто!
2025-06-12 01:27:52.752 [main] INFO  network.TCPServer - Все пулы потоков завершены.
2025-06-12 01:27:52.753 [main] INFO  network.TCPServer - Сервер успешно остановлен
2025-06-12 01:27:52.753 [ForkJoinPool-1-worker-1] WARN  network.TCPServer - Соединение с клиентом /127.0.0.1 разорвано: Socket closed
2025-06-12 01:27:52.753 [ForkJoinPool-1-worker-1] INFO  network.TCPServer - Клиент отключен. Текущее количество клиентов: 0
2025-06-12 01:27:58.822 [main] INFO  network.TCPServer - Сервер запущен на порту 5550
2025-06-12 01:27:58.824 [Thread-0] INFO  network.TCPServer - Доступен интерактивный режим админа
2025-06-12 01:28:10.166 [main] INFO  network.TCPServer - Подключение от клиента №1
2025-06-12 01:28:10.167 [main] INFO  network.TCPServer - Начало отключения сервера
2025-06-12 01:28:10.197 [main] INFO  network.TCPServer - Соединение с клиентом закрыто!
2025-06-12 01:28:10.197 [main] INFO  network.TCPServer - Все пулы потоков завершены.
2025-06-12 01:28:10.198 [ForkJoinPool-1-worker-1] WARN  network.TCPServer - Соединение с клиентом /127.0.0.1 разорвано: Socket closed
2025-06-12 01:28:10.198 [main] INFO  network.TCPServer - Сервер успешно остановлен
2025-06-12 01:28:10.198 [ForkJoinPool-1-worker-1] INFO  network.TCPServer - Клиент отключен. Текущее количество клиентов: 0
2025-06-12 01:28:30.998 [main] INFO  network.TCPServer - Сервер запущен на порту 5550
2025-06-12 01:28:31.000 [Thread-0] INFO  network.TCPServer - Доступен интерактивный режим админа
2025-06-12 01:28:35.003 [main] INFO  network.TCPServer - Подключение от клиента №1
2025-06-12 01:28:35.004 [main] INFO  network.TCPServer - Начало отключения сервера
2025-06-12 01:28:35.035 [main] INFO  network.TCPServer - Соединение с клиентом закрыто!
2025-06-12 01:28:35.036 [main] INFO  network.TCPServer - Все пулы потоков завершены.
2025-06-12 01:28:35.036 [ForkJoinPool-1-worker-1] WARN  network.TCPServer - Соединение с клиентом /127.0.0.1 разорвано: Socket closed
2025-06-12 01:28:35.036 [main] INFO  network.TCPServer - Сервер успешно остановлен
2025-06-12 01:28:35.036 [ForkJoinPool-1-worker-1] INFO  network.TCPServer - Клиент отключен. Текущее количество клиентов: 0
2025-06-12 01:28:51.045 [main] INFO  network.TCPServer - Сервер запущен на порту 5550
2025-06-12 01:28:51.047 [Thread-0] INFO  network.TCPServer - Доступен интерактивный режим админа
2025-06-12 01:29:01.812 [main] INFO  network.TCPServer - Подключение от клиента №1
2025-06-12 01:29:01.816 [main] INFO  network.TCPServer - Начало отключения сервера
2025-06-12 01:29:01.854 [main] INFO  network.TCPServer - Соединение с клиентом закрыто!
2025-06-12 01:29:01.855 [main] INFO  network.TCPServer - Все пулы потоков завершены.
2025-06-12 01:29:01.855 [main] INFO  network.TCPServer - Сервер успешно остановлен
2025-06-12 01:29:01.855 [ForkJoinPool-1-worker-1] WARN  network.TCPServer - Соединение с клиентом /127.0.0.1 разорвано: Socket closed
2025-06-12 01:29:01.855 [ForkJoinPool-1-worker-1] INFO  network.TCPServer - Клиент отключен. Текущее количество клиентов: 0
2025-06-12 01:30:29.536 [main] INFO  network.TCPServer - Сервер запущен на порту 5550
2025-06-12 01:30:29.539 [Thread-0] INFO  network.TCPServer - Доступен интерактивный режим админа
2025-06-12 01:30:32.347 [main] INFO  network.TCPServer - Подключение от клиента №1
2025-06-12 01:30:36.682 [ForkJoinPool-1-worker-1] INFO  network.TCPServer - Получен запрос: (type = INITIAL_COMMAND, commandName = show, arguments = [], worker = null)
2025-06-12 01:30:36.683 [pool-2-thread-1] INFO  network.TCPServer - Запрос на выполнение команды: show - вывести все элементы коллекции;
2025-06-12 01:30:36.698 [pool-2-thread-1] INFO  network.TCPServer - Сформирован ответ клиенту: (type = INFO, success = true, message = +------+-----------+----------...)
2025-06-12 01:31:23.773 [ForkJoinPool-1-worker-1] WARN  network.TCPServer - Соединение с клиентом /127.0.0.1 разорвано: null
2025-06-12 01:31:23.779 [ForkJoinPool-1-worker-1] INFO  network.TCPServer - Соединение с клиентом закрыто!
2025-06-12 01:31:23.780 [ForkJoinPool-1-worker-1] INFO  network.TCPServer - Клиент отключен. Текущее количество клиентов: 0
2025-06-12 01:31:24.097 [main] INFO  network.TCPServer - Подключение от клиента №1
2025-06-12 01:31:58.115 [ForkJoinPool-1-worker-1] WARN  network.TCPServer - Соединение с клиентом /127.0.0.1 разорвано: null
2025-06-12 01:31:58.116 [ForkJoinPool-1-worker-1] INFO  network.TCPServer - Соединение с клиентом закрыто!
2025-06-12 01:31:58.116 [ForkJoinPool-1-worker-1] INFO  network.TCPServer - Клиент отключен. Текущее количество клиентов: 0
2025-06-12 01:31:58.435 [main] INFO  network.TCPServer - Подключение от клиента №1
2025-06-12 01:32:23.800 [main] INFO  network.TCPServer - Сервер запущен на порту 5550
2025-06-12 01:32:23.801 [Thread-0] INFO  network.TCPServer - Доступен интерактивный режим админа
2025-06-12 01:32:26.115 [main] INFO  network.TCPServer - Подключение от клиента №1
2025-06-12 01:32:26.116 [main] INFO  network.TCPServer - Начало отключения сервера
2025-06-12 01:32:26.146 [main] INFO  network.TCPServer - Соединение с клиентом закрыто!
2025-06-12 01:32:26.147 [main] INFO  network.TCPServer - Все пулы потоков завершены.
2025-06-12 01:32:26.147 [ForkJoinPool-1-worker-1] WARN  network.TCPServer - Соединение с клиентом /127.0.0.1 разорвано: Socket closed
2025-06-12 01:32:26.147 [ForkJoinPool-1-worker-1] INFO  network.TCPServer - Клиент отключен. Текущее количество клиентов: 0
2025-06-12 01:32:26.147 [main] INFO  network.TCPServer - Сервер успешно остановлен
2025-06-12 01:35:17.509 [main] INFO  network.TCPServer - Сервер запущен на порту 5550
2025-06-12 01:35:17.511 [Thread-0] INFO  network.TCPServer - Доступен интерактивный режим админа
2025-06-12 01:35:23.143 [main] INFO  network.TCPServer - Подключение от клиента №1
2025-06-12 01:35:29.743 [ForkJoinPool-1-worker-1] INFO  network.TCPServer - Получен запрос: (type = INITIAL_COMMAND, commandName = help, arguments = [], worker = null)
2025-06-12 01:35:29.744 [pool-2-thread-1] INFO  network.TCPServer - Запрос на выполнение команды: help - вывести справку по доступным командам;
2025-06-12 01:35:29.748 [pool-2-thread-1] INFO  network.TCPServer - Сформирован ответ клиенту: (type = INFO, success = true, message = Доступные команды:
add - добав...)
2025-06-12 01:35:32.935 [ForkJoinPool-1-worker-1] INFO  network.TCPServer - Получен запрос: (type = INITIAL_COMMAND, commandName = show, arguments = [], worker = null)
2025-06-12 01:35:32.936 [pool-2-thread-1] INFO  network.TCPServer - Запрос на выполнение команды: show - вывести все элементы коллекции;
2025-06-12 01:35:32.957 [pool-2-thread-1] INFO  network.TCPServer - Сформирован ответ клиенту: (type = INFO, success = true, message = +------+-----------+----------...)
2025-06-12 01:41:08.491 [ForkJoinPool-1-worker-1] WARN  network.TCPServer - Соединение с клиентом /127.0.0.1 разорвано: null
2025-06-12 01:41:08.492 [ForkJoinPool-1-worker-1] INFO  network.TCPServer - Соединение с клиентом закрыто!
2025-06-12 01:41:08.492 [ForkJoinPool-1-worker-1] INFO  network.TCPServer - Клиент отключен. Текущее количество клиентов: 0
2025-06-12 17:50:40.251 [main] INFO  network.TCPServer - Сервер запущен на порту 5556
2025-06-12 17:50:40.253 [Thread-0] INFO  network.TCPServer - Доступен интерактивный режим админа
2025-06-12 17:50:45.979 [main] INFO  network.TCPServer - Подключение от клиента №1
2025-06-13 04:35:13.378 [main] INFO  managers.DatabaseManager - Успешное подключение к БД через SSH-туннель
2025-06-13 04:35:13.711 [main] INFO  network.TCPServer - Сервер запущен на порту 5556
2025-06-13 04:35:13.712 [Thread-4] INFO  network.TCPServer - Доступен интерактивный режим админа
2025-06-13 04:35:31.505 [Thread-4] INFO  network.TCPServer - Выполнение команды администратора: show
2025-06-13 04:35:36.029 [Thread-4] INFO  network.TCPServer - Выполнение команды администратора: help
2025-06-13 04:35:39.570 [Thread-4] INFO  network.TCPServer - Выполнение команды администратора: add
2025-06-13 04:35:51.432 [Thread-4] INFO  network.TCPServer - Выполнение команды администратора: add
2025-06-13 04:36:06.947 [Thread-4] INFO  network.TCPServer - Выполнение команды администратора: info
2025-06-13 04:37:42.550 [main] INFO  network.TCPServer - Подключение от клиента №1
2025-06-13 04:37:45.339 [ForkJoinPool-1-worker-1] INFO  network.TCPServer - Получен запрос: Request(type=INITIAL_COMMAND, commandName='фвв', args=[])
2025-06-13 04:37:47.261 [ForkJoinPool-1-worker-1] INFO  network.TCPServer - Получен запрос: Request(type=INITIAL_COMMAND, commandName='add', args=[])
2025-06-13 04:37:47.262 [pool-2-thread-1] INFO  network.TCPServer - Запрос на выполнение команды: add
2025-06-13 04:37:47.267 [pool-2-thread-1] INFO  network.TCPServer - Сформирован ответ клиенту: (type = INFO, success = true, message = Ошибка: Для команды 'add' треб...)
2025-06-13 04:37:51.880 [ForkJoinPool-1-worker-1] INFO  network.TCPServer - Получен запрос: Request(type=INITIAL_COMMAND, commandName='show', args=[])
2025-06-13 04:37:51.882 [pool-2-thread-1] INFO  network.TCPServer - Запрос на выполнение команды: show
2025-06-13 04:37:51.882 [pool-2-thread-1] INFO  network.TCPServer - Сформирован ответ клиенту: (type = INFO, success = true, message = Коллекция пуста.)
2025-06-13 04:42:49.195 [main] INFO  managers.DatabaseManager - Успешное подключение к БД через SSH-туннель
2025-06-13 04:42:49.276 [main] INFO  network.TCPServer - Сервер запущен на порту 5556
2025-06-13 04:42:49.277 [Thread-4] INFO  network.TCPServer - Доступен интерактивный режим админа
2025-06-13 04:51:22.722 [main] INFO  network.TCPServer - Подключение от клиента №1
2025-06-13 04:51:27.870 [ForkJoinPool-1-worker-1] INFO  network.TCPServer - Получен запрос: Request(type=COMMAND, commandName='add', args=[])
2025-06-13 04:51:27.872 [pool-2-thread-1] INFO  network.TCPServer - Запрос на выполнение команды: add
2025-06-13 04:51:27.875 [pool-2-thread-1] INFO  network.TCPServer - Сформирован ответ клиенту: (type = INFO, success = true, message = Ошибка: Для команды 'add' треб...)
2025-06-13 04:59:02.228 [main] INFO  managers.DatabaseManager - Успешное подключение к БД через SSH-туннель
2025-06-13 04:59:02.309 [main] INFO  network.TCPServer - Сервер запущен на порту 5556
2025-06-13 04:59:02.310 [Thread-4] INFO  network.TCPServer - Доступен интерактивный режим админа
2025-06-13 04:59:07.618 [main] INFO  network.TCPServer - Подключение от клиента №1
2025-06-13 04:59:10.635 [ForkJoinPool-1-worker-1] INFO  network.TCPServer - Получен запрос от /127.0.0.1: Request(type=COMMAND, commandName='фвв', args=[])
2025-06-13 04:59:10.640 [pool-2-thread-1] INFO  network.TCPServer - Сформирован ответ клиенту /127.0.0.1: (type = ERROR, success = false, message = Неизвестная команда: фвв)
2025-06-13 04:59:12.229 [ForkJoinPool-1-worker-1] INFO  network.TCPServer - Получен запрос от /127.0.0.1: Request(type=COMMAND, commandName='add', args=[])
2025-06-13 04:59:12.230 [pool-2-thread-1] INFO  network.TCPServer - Сформирован ответ клиенту /127.0.0.1: (type = NEED_HUMAN_DATA, success = false, message = Для команды 'add' требуются да...)
2025-06-13 04:59:29.996 [ForkJoinPool-1-worker-1] INFO  network.TCPServer - Получен запрос от /127.0.0.1: Request(type=HUMAN_DATA_COMMAND, commandName='add', args=[], humanBeing=Человек:
  ID: не установлен
  Имя: rr
  Координаты: (x, y) : (4.0, 4)
  Дата создания: не указана
  Настоящий герой?: true
  Есть зубочистка?: true
  Скорость удара: 4.0
  Название саундтрека: r
  Минут ожидания: 4.0
 Тип оружия: Хаммер
  Информация о машине:
    Название машины : ff
    
)
2025-06-13 04:59:29.997 [pool-2-thread-1] INFO  network.TCPServer - Сформирован ответ клиенту /127.0.0.1: (type = INFO, success = true, message = Ошибка: Для выполнения команды...)
2025-06-13 04:59:36.440 [ForkJoinPool-1-worker-1] INFO  network.TCPServer - Получен запрос от /127.0.0.1: Request(type=COMMAND, commandName='show', args=[])
2025-06-13 04:59:36.442 [pool-2-thread-1] INFO  network.TCPServer - Сформирован ответ клиенту /127.0.0.1: (type = INFO, success = true, message = Коллекция пуста.)
2025-06-13 05:04:57.213 [main] INFO  managers.DatabaseManager - Успешное подключение к БД через SSH-туннель
2025-06-13 05:04:57.299 [main] INFO  network.TCPServer - Сервер запущен на порту 5556
2025-06-13 05:04:57.299 [Thread-4] INFO  network.TCPServer - Доступен интерактивный режим админа
2025-06-13 05:04:59.873 [main] INFO  network.TCPServer - Подключение от клиента №1
2025-06-13 05:05:02.517 [ForkJoinPool-1-worker-1] INFO  network.TCPServer - Получен запрос от /127.0.0.1: Request(type=COMMAND, commandName='фвв', args=[], userName='test_user')
2025-06-13 05:05:02.520 [pool-2-thread-1] INFO  network.TCPServer - Сформирован ответ клиенту /127.0.0.1: (type = ERROR, success = false, message = Неизвестная команда: фвв)
2025-06-13 05:05:04.685 [ForkJoinPool-1-worker-1] INFO  network.TCPServer - Получен запрос от /127.0.0.1: Request(type=COMMAND, commandName='add', args=[], userName='test_user')
2025-06-13 05:05:04.687 [pool-2-thread-1] INFO  network.TCPServer - Сформирован ответ клиенту /127.0.0.1: (type = NEED_HUMAN_DATA, success = false, message = Для команды 'add' требуются да...)
2025-06-13 05:05:25.346 [ForkJoinPool-1-worker-1] INFO  network.TCPServer - Получен запрос от /127.0.0.1: Request(type=HUMAN_DATA, commandName='add', args=[], humanBeing=Человек:
  ID: не установлен
  Имя: d
  Координаты: (x, y) : (5.0, 4)
  Дата создания: не указана
  Настоящий герой?: true
  Есть зубочистка?: true
  Скорость удара: 5.0
  Название саундтрека: t
  Минут ожидания: 5.0
 Тип оружия: Хаммер
  Информация о машине:
    Название машины : d
    
, userName='test_user')
2025-06-13 05:05:25.347 [pool-2-thread-1] INFO  network.TCPServer - Сформирован ответ клиенту /127.0.0.1: (type = INFO, success = true, message = Работник добавлен в коллекцию)
2025-06-13 05:05:28.117 [ForkJoinPool-1-worker-1] INFO  network.TCPServer - Получен запрос от /127.0.0.1: Request(type=COMMAND, commandName='show', args=[], userName='test_user')
2025-06-13 05:05:28.118 [pool-2-thread-1] INFO  network.TCPServer - Сформирован ответ клиенту /127.0.0.1: (type = INFO, success = true, message = Коллекция пуста.)
2025-06-13 05:16:50.474 [main] INFO  managers.DatabaseManager - Успешное подключение к БД через SSH-туннель
2025-06-13 05:16:50.557 [main] INFO  network.TCPServer - Сервер запущен на порту 5556
2025-06-13 05:16:50.559 [Thread-4] INFO  network.TCPServer - Доступен интерактивный режим админа
2025-06-13 05:16:53.722 [main] INFO  network.TCPServer - Подключение от клиента №1
2025-06-13 05:17:02.765 [pool-2-thread-1] INFO  network.TCPServer - Получен запрос от /127.0.0.1: Request(type=COMMAND, commandName='show', args=[])
2025-06-13 05:17:02.769 [pool-3-thread-1] INFO  network.TCPServer - Сформирован ответ клиенту /127.0.0.1: (type = INFO, success = true, message = Коллекция пуста.)
2025-06-13 05:17:05.701 [pool-2-thread-1] INFO  network.TCPServer - Получен запрос от /127.0.0.1: Request(type=COMMAND, commandName='add', args=[])
2025-06-13 05:17:05.702 [pool-3-thread-1] INFO  network.TCPServer - Сформирован ответ клиенту /127.0.0.1: (type = NEED_HUMAN_DATA, success = false, message = Для команды 'add' требуются да...)
2025-06-13 05:17:27.542 [pool-2-thread-1] INFO  network.TCPServer - Получен запрос от /127.0.0.1: Request(type=HUMAN_DATA, commandName='add', args=[], humanBeing=Человек:
  ID: не установлен
  Имя: r\
  Координаты: (x, y) : (5.0, 0)
  Дата создания: не указана
  Настоящий герой?: true
  Есть зубочистка?: false
  Скорость удара: 4.0
  Название саундтрека: v
  Минут ожидания: 4.0
 Тип оружия: Хаммер
  Информация о машине:
    Название машины : d
    
)
2025-06-13 05:17:27.543 [pool-3-thread-1] INFO  network.TCPServer - Сформирован ответ клиенту /127.0.0.1: (type = INFO, success = true, message = Ошибка: Для выполнения команды...)
2025-06-13 05:20:30.268 [main] INFO  managers.DatabaseManager - Успешное подключение к БД через SSH-туннель
2025-06-13 05:20:30.347 [main] INFO  network.TCPServer - Сервер запущен на порту 5556
2025-06-13 05:20:30.348 [Thread-4] INFO  network.TCPServer - Доступен интерактивный режим админа
2025-06-13 05:20:33.236 [main] INFO  network.TCPServer - Подключение от клиента №1
2025-06-13 05:20:39.694 [pool-2-thread-1] INFO  network.TCPServer - Получен запрос от /127.0.0.1: Request(type=COMMAND, commandName='фвв', args=[], userName='ваше_имя_пользователя')
2025-06-13 05:20:39.700 [pool-3-thread-1] INFO  network.TCPServer - Сформирован ответ клиенту /127.0.0.1: (type = ERROR, success = false, message = Неизвестная команда: фвв)
2025-06-13 05:20:44.466 [pool-2-thread-1] INFO  network.TCPServer - Получен запрос от /127.0.0.1: Request(type=COMMAND, commandName='show', args=[], userName='ваше_имя_пользователя')
2025-06-13 05:20:44.469 [pool-3-thread-1] INFO  network.TCPServer - Сформирован ответ клиенту /127.0.0.1: (type = INFO, success = true, message = Коллекция пуста.)
2025-06-13 05:21:47.757 [pool-2-thread-1] WARN  network.TCPServer - Клиент /127.0.0.1 закрыл соединение некорректно (EOFException).
2025-06-13 05:21:47.761 [pool-2-thread-1] INFO  network.TCPServer - Клиент отключен. Текущее количество клиентов: 0
2025-06-13 05:21:48.515 [main] INFO  network.TCPServer - Подключение от клиента №1
2025-06-13 13:32:01.404 [main] INFO  managers.DatabaseManager - Успешное подключение к БД через SSH-туннель
2025-06-13 13:32:01.494 [main] INFO  network.TCPServer - Сервер запущен на порту 5556
2025-06-13 13:32:01.495 [Thread-4] INFO  network.TCPServer - Доступен интерактивный режим админа
2025-06-13 13:34:16.259 [main] INFO  network.TCPServer - Подключение от клиента №1
2025-06-13 13:34:30.217 [pool-2-thread-1] INFO  network.TCPServer - Получен запрос от /127.0.0.1: Request(type=AUTHORIZE_USER, userName='nikita')
2025-06-13 13:34:30.223 [pool-3-thread-1] INFO  network.TCPServer - Сформирован ответ клиенту /127.0.0.1: (type = ERROR, success = false, message = Неизвестная команда: null)
2025-06-13 13:40:36.158 [pool-2-thread-1] WARN  network.TCPServer - Клиент /127.0.0.1 закрыл соединение некорректно (EOFException).
2025-06-13 13:40:36.160 [pool-2-thread-1] INFO  network.TCPServer - Клиент отключен. Текущее количество клиентов: 0
2025-06-13 13:40:36.576 [main] INFO  network.TCPServer - Подключение от клиента №1
2025-06-13 13:40:46.855 [pool-2-thread-1] INFO  network.TCPServer - Получен запрос от /127.0.0.1: Request(type=AUTHORIZE_USER, userName='nikita')
2025-06-13 13:40:46.857 [pool-3-thread-2] INFO  network.TCPServer - Сформирован ответ клиенту /127.0.0.1: (type = ERROR, success = false, message = Неизвестная команда: null)
2025-06-13 13:41:24.938 [pool-2-thread-1] INFO  network.TCPServer - Получен запрос от /127.0.0.1: Request(type=REGISTER_NEW_USER, userName='nikita')
2025-06-13 13:41:24.941 [pool-3-thread-2] INFO  network.TCPServer - Сформирован ответ клиенту /127.0.0.1: (type = ERROR, success = false, message = Неизвестная команда: null)
2025-06-13 13:43:18.124 [pool-2-thread-1] WARN  network.TCPServer - Клиент /127.0.0.1 закрыл соединение некорректно (EOFException).
2025-06-13 13:43:18.127 [pool-2-thread-1] INFO  network.TCPServer - Клиент отключен. Текущее количество клиентов: 0
2025-06-13 13:43:18.639 [main] INFO  network.TCPServer - Подключение от клиента №1
2025-06-13 13:43:22.552 [pool-2-thread-1] WARN  network.TCPServer - Клиент /127.0.0.1 закрыл соединение некорректно (EOFException).
2025-06-13 13:43:22.552 [pool-2-thread-1] INFO  network.TCPServer - Клиент отключен. Текущее количество клиентов: 0
2025-06-13 13:43:26.835 [main] INFO  network.TCPServer - Подключение от клиента №1
2025-06-13 13:43:35.418 [pool-2-thread-1] INFO  network.TCPServer - Получен запрос от /127.0.0.1: Request(type=REGISTER_NEW_USER, userName='тшлшеф')
2025-06-13 13:43:35.419 [pool-3-thread-3] INFO  network.TCPServer - Сформирован ответ клиенту /127.0.0.1: (type = ERROR, success = false, message = Неизвестная команда: null)
2025-06-13 13:45:13.342 [pool-2-thread-1] WARN  network.TCPServer - Клиент /127.0.0.1 закрыл соединение некорректно (EOFException).
2025-06-13 13:45:13.344 [pool-2-thread-1] INFO  network.TCPServer - Клиент отключен. Текущее количество клиентов: 0
2025-06-13 13:45:13.775 [main] INFO  network.TCPServer - Подключение от клиента №1
2025-06-13 13:45:23.086 [pool-2-thread-1] INFO  network.TCPServer - Получен запрос от /127.0.0.1: Request(type=REGISTER_NEW_USER, userName='nikita')
2025-06-13 13:45:23.088 [pool-3-thread-4] INFO  network.TCPServer - Сформирован ответ клиенту /127.0.0.1: (type = ERROR, success = false, message = Неизвестная команда: null)
2025-06-13 13:46:35.748 [main] INFO  managers.DatabaseManager - Успешное подключение к БД через SSH-туннель
2025-06-13 13:46:35.815 [main] INFO  network.TCPServer - Сервер запущен на порту 5556
2025-06-13 13:46:35.819 [Thread-4] INFO  network.TCPServer - Доступен интерактивный режим админа
2025-06-13 13:46:38.819 [main] INFO  network.TCPServer - Подключение от клиента №1
2025-06-13 13:46:49.454 [pool-2-thread-1] INFO  network.TCPServer - Получен запрос от /127.0.0.1: Request(type=REGISTER_NEW_USER, userName='nikita')
2025-06-13 13:46:49.460 [pool-3-thread-1] INFO  network.TCPServer - Сформирован ответ клиенту /127.0.0.1: (type = ERROR, success = false, message = Неизвестная команда: null)
2025-06-13 13:50:43.697 [main] INFO  managers.DatabaseManager - Успешное подключение к БД через SSH-туннель
2025-06-13 13:50:43.788 [main] INFO  network.TCPServer - Сервер запущен на порту 5556
2025-06-13 13:50:43.789 [Thread-4] INFO  network.TCPServer - Доступен интерактивный режим админа
2025-06-13 13:50:53.661 [main] INFO  network.TCPServer - Подключение от клиента №1
2025-06-13 13:51:04.115 [pool-2-thread-1] INFO  network.TCPServer - Получен запрос от /127.0.0.1: Request(type=REGISTER_NEW_USER, userName='nikita')
2025-06-13 13:51:04.127 [pool-3-thread-1] INFO  network.TCPServer - Сформирован ответ клиенту /127.0.0.1: (type = ERROR, success = false, message = Неизвестная команда: null)
2025-06-13 14:02:39.833 [main] INFO  managers.DatabaseManager - Успешное подключение к БД через SSH-туннель
2025-06-13 14:02:39.902 [main] INFO  network.TCPServer - Сервер запущен на порту 5556
2025-06-13 14:02:39.903 [Thread-4] INFO  network.TCPServer - Доступен интерактивный режим админа
2025-06-13 14:02:44.300 [main] INFO  network.TCPServer - Подключение от клиента №1
2025-06-13 14:02:53.873 [pool-2-thread-1] INFO  network.TCPServer - Получен запрос от /127.0.0.1: Request(type=REGISTER_NEW_USER, userName='nik')
2025-06-13 14:02:53.880 [pool-3-thread-1] INFO  network.TCPServer - Сформирован ответ клиенту /127.0.0.1: (type = ERROR, success = false, message = Неизвестная команда: null)
2025-06-13 14:06:39.897 [main] INFO  managers.DatabaseManager - Успешное подключение к БД через SSH-туннель
2025-06-13 14:06:39.979 [main] INFO  network.TCPServer - Сервер запущен на порту 5556
2025-06-13 14:06:39.980 [Thread-4] INFO  network.TCPServer - Доступен интерактивный режим админа
2025-06-13 14:06:42.251 [main] INFO  network.TCPServer - Подключение от клиента №1
2025-06-13 14:06:50.669 [pool-2-thread-1] INFO  network.TCPServer - Получен запрос от /127.0.0.1: Request(type=REGISTER_NEW_USER, userName='nik')
2025-06-13 14:06:50.674 [pool-3-thread-1] INFO  network.TCPServer - Сформирован ответ клиенту /127.0.0.1: (type = ERROR, success = false, message = Неизвестная команда: null)
2025-06-13 14:08:40.597 [main] INFO  managers.DatabaseManager - Успешное подключение к БД через SSH-туннель
2025-06-13 14:08:40.834 [main] INFO  network.TCPServer - Сервер запущен на порту 5556
2025-06-13 14:08:40.834 [Thread-4] INFO  network.TCPServer - Доступен интерактивный режим админа
2025-06-13 14:08:45.839 [main] INFO  network.TCPServer - Подключение от клиента №1
2025-06-13 14:08:54.640 [pool-2-thread-1] INFO  network.TCPServer - Получен запрос от /127.0.0.1: Request(type=REGISTER_NEW_USER, userName='nik')
2025-06-13 14:08:54.649 [pool-3-thread-1] INFO  network.TCPServer - Сформирован ответ клиенту /127.0.0.1: (type = ERROR, success = false, message = Неизвестная команда: null)
2025-06-13 14:13:46.499 [main] INFO  managers.DatabaseManager - Успешное подключение к БД через SSH-туннель
2025-06-13 14:13:46.580 [main] INFO  network.TCPServer - Сервер запущен на порту 5556
2025-06-13 14:13:46.580 [Thread-4] INFO  network.TCPServer - Доступен интерактивный режим админа
2025-06-13 14:13:50.938 [main] INFO  network.TCPServer - Подключение от клиента №1
2025-06-13 14:14:03.120 [pool-2-thread-1] INFO  network.TCPServer - Получен запрос от /127.0.0.1: Request(type=REGISTER_NEW_USER, userName='nik')
2025-06-13 14:14:03.125 [pool-3-thread-1] INFO  network.TCPServer - Сформирован ответ клиенту /127.0.0.1: (type = ERROR, success = false, message = Неизвестная команда: null)
2025-06-13 14:14:08.939 [pool-2-thread-1] INFO  network.TCPServer - Получен запрос от /127.0.0.1: Request(type=AUTHORIZE_USER, userName='nik')
2025-06-13 14:14:08.941 [pool-3-thread-1] INFO  network.TCPServer - Сформирован ответ клиенту /127.0.0.1: (type = ERROR, success = false, message = Неизвестная команда: null)
2025-06-13 14:26:57.123 [main] INFO  managers.DatabaseManager - Успешное подключение к БД через SSH-туннель
2025-06-13 14:26:57.374 [main] INFO  network.TCPServer - Сервер запущен на порту 5556
2025-06-13 14:26:57.375 [Thread-4] INFO  network.TCPServer - Доступен интерактивный режим админа
2025-06-13 14:27:05.023 [main] INFO  network.TCPServer - Подключение от клиента №1
2025-06-13 14:27:25.228 [pool-2-thread-1] INFO  network.TCPServer - Получен запрос от /127.0.0.1: Request(type=REGISTER_NEW_USER, userName='nik')
2025-06-13 14:27:25.236 [pool-3-thread-1] INFO  network.TCPServer - Сформирован ответ клиенту /127.0.0.1: (type = ERROR, success = false, message = Неизвестная команда: null)
2025-06-13 14:27:56.996 [main] INFO  managers.DatabaseManager - Успешное подключение к БД через SSH-туннель
2025-06-13 14:27:57.083 [main] INFO  network.TCPServer - Сервер запущен на порту 5556
2025-06-13 14:27:57.084 [Thread-4] INFO  network.TCPServer - Доступен интерактивный режим админа
2025-06-13 14:28:01.758 [main] INFO  network.TCPServer - Подключение от клиента №1
2025-06-13 14:28:08.601 [pool-2-thread-1] INFO  network.TCPServer - Получен запрос от /127.0.0.1: Request(type=REGISTER_NEW_USER, userName='nik')
2025-06-13 14:28:08.609 [pool-3-thread-1] INFO  network.TCPServer - Сформирован ответ клиенту /127.0.0.1: (type = ERROR, success = false, message = Неизвестная команда: null)
2025-06-13 14:33:49.317 [main] INFO  managers.DatabaseManager - Успешное подключение к БД через SSH-туннель
2025-06-13 14:33:49.646 [main] INFO  network.TCPServer - Сервер запущен на порту 5556
2025-06-13 14:33:49.647 [Thread-4] INFO  network.TCPServer - Доступен интерактивный режим админа
2025-06-13 14:33:54.642 [main] INFO  network.TCPServer - Подключение от клиента №1
2025-06-13 14:34:06.515 [pool-2-thread-1] INFO  network.TCPServer - Получен запрос от /127.0.0.1: Request(type=REGISTER_NEW_USER, userName='зфыы')
2025-06-13 14:34:06.523 [pool-3-thread-1] INFO  network.TCPServer - Сформирован ответ клиенту /127.0.0.1: (type = ERROR, success = false, message = Неизвестная команда: null)
2025-06-13 14:36:58.270 [main] INFO  managers.DatabaseManager - Успешное подключение к БД через SSH-туннель
2025-06-13 14:36:58.343 [main] INFO  network.TCPServer - Сервер запущен на порту 5556
2025-06-13 14:36:58.344 [Thread-4] INFO  network.TCPServer - Доступен интерактивный режим админа
2025-06-13 14:37:01.006 [main] INFO  network.TCPServer - Подключение от клиента №1
2025-06-13 14:37:24.385 [pool-2-thread-1] INFO  network.TCPServer - Получен запрос от /127.0.0.1: Request(type=AUTHORIZE_USER, userName='nik')
2025-06-13 14:37:24.390 [pool-3-thread-1] INFO  network.TCPServer - Сформирован ответ клиенту /127.0.0.1: (type = ERROR, success = false, message = Неизвестная команда: null)
2025-06-13 14:37:33.309 [pool-2-thread-1] INFO  network.TCPServer - Получен запрос от /127.0.0.1: Request(type=REGISTER_NEW_USER, userName='nik')
2025-06-13 14:37:33.311 [pool-3-thread-1] INFO  network.TCPServer - Сформирован ответ клиенту /127.0.0.1: (type = ERROR, success = false, message = Неизвестная команда: null)
2025-06-13 14:46:32.399 [main] INFO  managers.DatabaseManager - Успешное подключение к БД через SSH-туннель
2025-06-13 14:46:32.467 [main] INFO  network.TCPServer - Сервер запущен на порту 5556
2025-06-13 14:46:32.468 [Thread-4] INFO  network.TCPServer - Доступен интерактивный режим админа
2025-06-13 14:46:34.621 [main] INFO  network.TCPServer - Подключение от клиента №1
2025-06-13 14:46:44.057 [pool-2-thread-1] INFO  network.TCPServer - Получен запрос от /127.0.0.1: Request(type=REGISTER_NEW_USER, userName='тшл')
2025-06-13 14:46:44.209 [pool-3-thread-1] WARN  managers.DatabaseManager - Ошибка: пользователь с именем 'тшл' уже существует.
2025-06-13 14:46:44.212 [pool-3-thread-1] INFO  network.TCPServer - Сформирован ответ клиенту /127.0.0.1: (type = USER_AUTHORIZATION, success = false, message = Пользователь с таким именем уж...)
2025-06-13 14:46:55.291 [pool-2-thread-1] INFO  network.TCPServer - Получен запрос от /127.0.0.1: Request(type=AUTHORIZE_USER, userName='тшл')
2025-06-13 14:46:55.366 [pool-3-thread-1] INFO  network.TCPServer - Сформирован ответ клиенту /127.0.0.1: (type = USER_AUTHORIZATION, success = false, message = Неправильный логин или пароль!)
2025-06-13 14:51:24.148 [main] INFO  managers.DatabaseManager - Успешное подключение к БД через SSH-туннель
2025-06-13 14:51:24.217 [main] INFO  network.TCPServer - Сервер запущен на порту 5556
2025-06-13 14:51:24.218 [Thread-4] INFO  network.TCPServer - Доступен интерактивный режим админа
2025-06-13 14:51:29.388 [main] INFO  network.TCPServer - Подключение от клиента №1
2025-06-13 14:51:36.687 [pool-2-thread-1] INFO  network.TCPServer - Получен запрос от /127.0.0.1: Request(type=REGISTER_NEW_USER, userName='nik')
2025-06-13 14:51:36.783 [pool-3-thread-1] INFO  network.TCPServer - Сформирован ответ клиенту /127.0.0.1: (type = USER_AUTHORIZATION, success = true, message = Новый аккаунт создан!)
2025-06-13 14:51:45.921 [pool-2-thread-1] INFO  network.TCPServer - Получен запрос от /127.0.0.1: Request(type=AUTHORIZE_USER, userName='nik')
2025-06-13 14:51:45.985 [pool-3-thread-1] INFO  network.TCPServer - Сформирован ответ клиенту /127.0.0.1: (type = USER_AUTHORIZATION, success = true, message = Пользователь авторизован!)
2025-06-13 14:51:55.385 [pool-2-thread-1] INFO  network.TCPServer - Получен запрос от /127.0.0.1: Request(type=COMMAND, commandName='add', args=[], userName='nik')
2025-06-13 14:51:55.387 [pool-3-thread-1] INFO  network.TCPServer - Сформирован ответ клиенту /127.0.0.1: (type = NEED_HUMAN_DATA, success = false, message = Для команды 'add' требуются да...)
2025-06-13 14:52:11.492 [pool-2-thread-1] INFO  network.TCPServer - Получен запрос от /127.0.0.1: Request(type=HUMAN_DATA, commandName='add', args=[], humanBeing=Человек:
  ID: не установлен
  Имя: r
  Координаты: (x, y) : (4.0, 3)
  Дата создания: не указана
  Настоящий герой?: true
  Есть зубочистка?: true
  Скорость удара: 4.0
  Название саундтрека: f
  Минут ожидания: 4.0
 Тип оружия: Хаммер
  Информация о машине:
    Название машины : а
    
, userName='nik')
2025-06-13 14:52:11.552 [pool-3-thread-1] INFO  network.TCPServer - Сформирован ответ клиенту /127.0.0.1: (type = INFO, success = true, message = Работник добавлен в коллекцию)
2025-06-13 14:52:14.144 [pool-2-thread-1] INFO  network.TCPServer - Получен запрос от /127.0.0.1: Request(type=COMMAND, commandName='ырщц', args=[], userName='nik')
2025-06-13 14:52:14.146 [pool-3-thread-1] INFO  network.TCPServer - Сформирован ответ клиенту /127.0.0.1: (type = ERROR, success = false, message = Неизвестная команда: ырщц)
2025-06-13 14:52:16.116 [pool-2-thread-1] INFO  network.TCPServer - Получен запрос от /127.0.0.1: Request(type=COMMAND, commandName='show', args=[], userName='nik')
2025-06-13 14:52:16.172 [pool-3-thread-1] INFO  network.TCPServer - Сформирован ответ клиенту /127.0.0.1: (type = INFO, success = true, message = Коллекция пуста.)
2025-06-13 14:52:31.089 [pool-2-thread-1] WARN  network.TCPServer - Клиент /127.0.0.1 закрыл соединение некорректно (EOFException).
2025-06-13 14:52:31.093 [pool-2-thread-1] INFO  network.TCPServer - Клиент отключен. Текущее количество клиентов: 0
2025-06-13 14:52:40.626 [main] INFO  managers.DatabaseManager - Успешное подключение к БД через SSH-туннель
2025-06-13 14:52:40.703 [main] INFO  network.TCPServer - Сервер запущен на порту 5556
2025-06-13 14:52:40.704 [Thread-4] INFO  network.TCPServer - Доступен интерактивный режим админа
2025-06-13 14:52:44.395 [main] INFO  network.TCPServer - Подключение от клиента №1
2025-06-13 14:52:49.423 [pool-2-thread-1] INFO  network.TCPServer - Получен запрос от /127.0.0.1: Request(type=AUTHORIZE_USER, userName='nik')
2025-06-13 14:52:49.527 [pool-3-thread-1] INFO  network.TCPServer - Сформирован ответ клиенту /127.0.0.1: (type = USER_AUTHORIZATION, success = true, message = Пользователь авторизован!)
2025-06-13 14:53:03.928 [pool-2-thread-1] WARN  network.TCPServer - Клиент /127.0.0.1 закрыл соединение некорректно (EOFException).
2025-06-13 14:53:03.931 [pool-2-thread-1] INFO  network.TCPServer - Клиент отключен. Текущее количество клиентов: 0
2025-06-13 14:53:04.176 [main] INFO  network.TCPServer - Подключение от клиента №1
2025-06-13 14:53:12.190 [pool-2-thread-1] INFO  network.TCPServer - Получен запрос от /127.0.0.1: Request(type=AUTHORIZE_USER, userName='nik')
2025-06-13 14:53:12.241 [pool-3-thread-1] INFO  network.TCPServer - Сформирован ответ клиенту /127.0.0.1: (type = USER_AUTHORIZATION, success = false, message = Неправильный логин или пароль!)
2025-06-13 14:53:31.514 [pool-2-thread-1] INFO  network.TCPServer - Получен запрос от /127.0.0.1: Request(type=AUTHORIZE_USER, userName='nikita')
2025-06-13 14:53:31.584 [pool-3-thread-1] INFO  network.TCPServer - Сформирован ответ клиенту /127.0.0.1: (type = USER_AUTHORIZATION, success = false, message = Неправильный логин или пароль!)
2025-06-13 14:53:48.542 [pool-2-thread-1] INFO  network.TCPServer - Получен запрос от /127.0.0.1: Request(type=REGISTER_NEW_USER, userName='nik')
2025-06-13 14:53:48.678 [pool-3-thread-1] INFO  network.TCPServer - Сформирован ответ клиенту /127.0.0.1: (type = USER_AUTHORIZATION, success = true, message = Новый аккаунт создан!)
2025-06-13 15:01:33.667 [main] INFO  managers.DatabaseManager - Успешное подключение к БД через SSH-туннель
2025-06-13 15:01:33.749 [main] INFO  network.TCPServer - Сервер запущен на порту 5556
2025-06-13 15:01:33.750 [Thread-4] INFO  network.TCPServer - Доступен интерактивный режим админа
2025-06-13 15:01:36.058 [main] INFO  network.TCPServer - Подключение от клиента №1
2025-06-13 15:01:42.842 [pool-2-thread-1] INFO  network.TCPServer - Получен запрос от /127.0.0.1: Request(type=AUTHORIZE_USER, userName='nik')
2025-06-13 15:01:42.982 [pool-3-thread-1] INFO  network.TCPServer - Сформирован ответ клиенту /127.0.0.1: (type = USER_AUTHORIZATION, success = true, message = Пользователь авторизован!)
2025-06-13 15:01:45.300 [pool-2-thread-1] INFO  network.TCPServer - Получен запрос от /127.0.0.1: Request(type=COMMAND, commandName='add', args=[], userName='nik')
2025-06-13 15:01:45.302 [pool-3-thread-1] INFO  network.TCPServer - Сформирован ответ клиенту /127.0.0.1: (type = NEED_HUMAN_DATA, success = false, message = Для команды 'add' требуются да...)
2025-06-13 15:02:02.378 [pool-2-thread-1] INFO  network.TCPServer - Получен запрос от /127.0.0.1: Request(type=HUMAN_DATA, commandName='add', args=[], humanBeing=Человек:
  ID: не установлен
  Имя: f
  Координаты: (x, y) : (3.0, 2)
  Дата создания: не указана
  Настоящий герой?: true
  Есть зубочистка?: true
  Скорость удара: 3.0
  Название саундтрека: 3
  Минут ожидания: 3.0
 Тип оружия: Хаммер
  Информация о машине:
    Название машины : f
    
, userName='nik')
2025-06-13 15:02:02.492 [pool-3-thread-1] INFO  network.TCPServer - Сформирован ответ клиенту /127.0.0.1: (type = INFO, success = true, message = Работник добавлен в коллекцию)
2025-06-13 15:02:05.004 [pool-2-thread-1] INFO  network.TCPServer - Получен запрос от /127.0.0.1: Request(type=COMMAND, commandName='show', args=[], userName='nik')
2025-06-13 15:02:05.060 [pool-3-thread-1] INFO  network.TCPServer - Сформирован ответ клиенту /127.0.0.1: (type = INFO, success = true, message = Коллекция пуста.)
2025-06-13 15:10:16.778 [main] INFO  managers.DatabaseManager - Успешное подключение к БД через SSH-туннель
2025-06-13 15:10:16.891 [main] INFO  network.TCPServer - Сервер запущен на порту 5556
2025-06-13 15:10:16.895 [Thread-4] INFO  network.TCPServer - Доступен интерактивный режим админа
2025-06-13 15:10:17.163 [main] INFO  network.TCPServer - Подключение от клиента №1
2025-06-13 15:10:29.887 [pool-2-thread-1] INFO  network.TCPServer - Получен запрос от /127.0.0.1: Request(type=REGISTER_NEW_USER, userName='new')
2025-06-13 15:10:29.973 [pool-3-thread-1] INFO  network.TCPServer - Сформирован ответ клиенту /127.0.0.1: (type = USER_AUTHORIZATION, success = true, message = Новый аккаунт создан!)
2025-06-13 15:10:37.409 [pool-2-thread-1] INFO  network.TCPServer - Получен запрос от /127.0.0.1: Request(type=AUTHORIZE_USER, userName='new')
2025-06-13 15:10:37.459 [pool-3-thread-1] INFO  network.TCPServer - Сформирован ответ клиенту /127.0.0.1: (type = USER_AUTHORIZATION, success = true, message = Пользователь авторизован!)
2025-06-13 15:10:40.626 [pool-2-thread-1] INFO  network.TCPServer - Получен запрос от /127.0.0.1: Request(type=COMMAND, commandName='add', args=[], userName='new')
2025-06-13 15:10:40.628 [pool-3-thread-1] INFO  network.TCPServer - Сформирован ответ клиенту /127.0.0.1: (type = NEED_HUMAN_DATA, success = false, message = Для команды 'add' требуются да...)
2025-06-13 15:10:58.998 [pool-2-thread-1] INFO  network.TCPServer - Получен запрос от /127.0.0.1: Request(type=HUMAN_DATA, commandName='add', args=[], humanBeing=Человек:
  ID: не установлен
  Имя: rrrr
  Координаты: (x, y) : (3.0, 4)
  Дата создания: не указана
  Настоящий герой?: true
  Есть зубочистка?: true
  Скорость удара: 33.0
  Название саундтрека: ere
  Минут ожидания: 3.0
 Тип оружия: Хаммер
  Информация о машине:
    Название машины : 333
    
, userName='new')
2025-06-13 15:10:59.140 [pool-3-thread-1] INFO  network.TCPServer - Сформирован ответ клиенту /127.0.0.1: (type = INFO, success = true, message = Работник добавлен в коллекцию)
2025-06-13 15:16:42.656 [main] INFO  managers.DatabaseManager - Успешное подключение к БД через SSH-туннель
2025-06-13 15:16:42.926 [main] INFO  network.TCPServer - Сервер запущен на порту 5556
2025-06-13 15:16:42.927 [Thread-4] INFO  network.TCPServer - Доступен интерактивный режим админа
2025-06-13 15:16:45.612 [main] INFO  network.TCPServer - Подключение от клиента №1
2025-06-13 15:16:53.968 [pool-2-thread-1] INFO  network.TCPServer - Получен запрос от /127.0.0.1: Request(type=AUTHORIZE_USER, userName='тшл')
2025-06-13 15:16:54.036 [pool-3-thread-1] INFO  network.TCPServer - Сформирован ответ клиенту /127.0.0.1: (type = USER_AUTHORIZATION, success = false, message = Неправильный логин или пароль!)
2025-06-13 15:17:02.637 [pool-2-thread-1] INFO  network.TCPServer - Получен запрос от /127.0.0.1: Request(type=AUTHORIZE_USER, userName='nik')
2025-06-13 15:17:02.704 [pool-3-thread-1] INFO  network.TCPServer - Сформирован ответ клиенту /127.0.0.1: (type = USER_AUTHORIZATION, success = true, message = Пользователь авторизован!)
2025-06-13 15:17:05.014 [pool-2-thread-1] INFO  network.TCPServer - Получен запрос от /127.0.0.1: Request(type=COMMAND, commandName='add', args=[], userName='nik')
2025-06-13 15:17:05.015 [pool-3-thread-1] INFO  network.TCPServer - Сформирован ответ клиенту /127.0.0.1: (type = NEED_HUMAN_DATA, success = false, message = Для команды 'add' требуются да...)
2025-06-13 15:17:32.097 [pool-2-thread-1] INFO  network.TCPServer - Получен запрос от /127.0.0.1: Request(type=HUMAN_DATA, commandName='add', args=[], humanBeing=Человек:
  ID: не установлен
  Имя: nikita
  Координаты: (x, y) : (3.0, 4)
  Дата создания: не указана
  Настоящий герой?: true
  Есть зубочистка?: true
  Скорость удара: 444.0
  Название саундтрека: gangnam style
  Минут ожидания: 1.0
 Тип оружия: Пистолет
  Информация о машине:
    Название машины : rav4
    
, userName='nik')
2025-06-13 15:17:32.617 [pool-3-thread-1] INFO  network.TCPServer - Сформирован ответ клиенту /127.0.0.1: (type = INFO, success = true, message = Неизвестная ошибка при добавле...)
2025-06-13 15:19:58.715 [main] INFO  managers.DatabaseManager - Успешное подключение к БД через SSH-туннель
2025-06-13 15:19:58.781 [main] INFO  network.TCPServer - Сервер запущен на порту 5556
2025-06-13 15:19:58.782 [Thread-4] INFO  network.TCPServer - Доступен интерактивный режим админа
2025-06-13 15:20:00.163 [main] INFO  network.TCPServer - Подключение от клиента №1
2025-06-13 15:20:06.081 [pool-2-thread-1] INFO  network.TCPServer - Получен запрос от /127.0.0.1: Request(type=AUTHORIZE_USER, userName='nik')
2025-06-13 15:20:06.144 [pool-3-thread-1] INFO  network.TCPServer - Сформирован ответ клиенту /127.0.0.1: (type = USER_AUTHORIZATION, success = true, message = Пользователь авторизован!)
2025-06-13 15:20:08.158 [pool-2-thread-1] INFO  network.TCPServer - Получен запрос от /127.0.0.1: Request(type=COMMAND, commandName='add', args=[], userName='nik')
2025-06-13 15:20:08.159 [pool-3-thread-1] INFO  network.TCPServer - Сформирован ответ клиенту /127.0.0.1: (type = NEED_HUMAN_DATA, success = false, message = Для команды 'add' требуются да...)
2025-06-13 15:20:24.357 [pool-2-thread-1] INFO  network.TCPServer - Получен запрос от /127.0.0.1: Request(type=HUMAN_DATA, commandName='add', args=[], humanBeing=Человек:
  ID: не установлен
  Имя: nik
  Координаты: (x, y) : (2.0, 3)
  Дата создания: не указана
  Настоящий герой?: true
  Есть зубочистка?: true
  Скорость удара: 4.0
  Название саундтрека: 5
  Минут ожидания: 1.0
 Тип оружия: Пистолет
  Информация о машине:
    Название машины : car
    
, userName='nik')
2025-06-13 15:20:25.251 [pool-3-thread-1] INFO  network.TCPServer - Сформирован ответ клиенту /127.0.0.1: (type = INFO, success = true, message = Работник успешно добавлен в ко...)
2025-06-13 15:20:28.448 [pool-2-thread-1] INFO  network.TCPServer - Получен запрос от /127.0.0.1: Request(type=COMMAND, commandName='ырщц', args=[], userName='nik')
2025-06-13 15:20:28.449 [pool-3-thread-1] INFO  network.TCPServer - Сформирован ответ клиенту /127.0.0.1: (type = ERROR, success = false, message = Неизвестная команда: ырщц)
2025-06-13 15:20:30.694 [pool-2-thread-1] INFO  network.TCPServer - Получен запрос от /127.0.0.1: Request(type=COMMAND, commandName='show', args=[], userName='nik')
2025-06-13 15:20:30.774 [pool-3-thread-1] INFO  network.TCPServer - Сформирован ответ клиенту /127.0.0.1: (type = INFO, success = true, message = +------+------+------------+--...)
2025-06-13 15:21:11.864 [pool-2-thread-1] INFO  network.TCPServer - Получен запрос от /127.0.0.1: Request(type=COMMAND, commandName='add', args=[], userName='nik')
2025-06-13 15:21:11.877 [pool-3-thread-1] INFO  network.TCPServer - Сформирован ответ клиенту /127.0.0.1: (type = NEED_HUMAN_DATA, success = false, message = Для команды 'add' требуются да...)
2025-06-13 15:21:29.800 [pool-2-thread-1] INFO  network.TCPServer - Получен запрос от /127.0.0.1: Request(type=HUMAN_DATA, commandName='add', args=[], humanBeing=Человек:
  ID: не установлен
  Имя: one
  Координаты: (x, y) : (1.0, 1)
  Дата создания: не указана
  Настоящий герой?: true
  Есть зубочистка?: true
  Скорость удара: 1.0
  Название саундтрека: 1
  Минут ожидания: 1.0
 Тип оружия: Хаммер
  Информация о машине:
    Название машины : 1
    
, userName='nik')
2025-06-13 15:21:29.814 [pool-3-thread-1] ERROR managers.DatabaseManager - Ошибка при верификации пользователя 'nik': Ошибка ввода/вывода при отправке бэкенду
org.postgresql.util.PSQLException: Ошибка ввода/вывода при отправке бэкенду
	at org.postgresql.core.v3.QueryExecutorImpl.execute(QueryExecutorImpl.java:398) ~[postgresql-42.7.3.jar:42.7.3]
	at org.postgresql.jdbc.PgStatement.executeInternal(PgStatement.java:502) ~[postgresql-42.7.3.jar:42.7.3]
	at org.postgresql.jdbc.PgStatement.execute(PgStatement.java:419) ~[postgresql-42.7.3.jar:42.7.3]
	at org.postgresql.jdbc.PgPreparedStatement.executeWithFlags(PgPreparedStatement.java:194) ~[postgresql-42.7.3.jar:42.7.3]
	at org.postgresql.jdbc.PgPreparedStatement.executeQuery(PgPreparedStatement.java:137) ~[postgresql-42.7.3.jar:42.7.3]
	at managers.DatabaseManager.verifyUser(DatabaseManager.java:455) ~[classes/:?]
	at managers.CommandManager.executeCommand(CommandManager.java:123) ~[classes/:?]
	at network.TCPServer.processRequest(TCPServer.java:219) ~[classes/:?]
	at network.TCPServer.lambda$handleClient$1(TCPServer.java:118) ~[classes/:?]
	at java.util.concurrent.CompletableFuture$AsyncSupply.run(CompletableFuture.java:1768) [?:?]
	at java.util.concurrent.ThreadPoolExecutor.runWorker(ThreadPoolExecutor.java:1136) [?:?]
	at java.util.concurrent.ThreadPoolExecutor$Worker.run(ThreadPoolExecutor.java:635) [?:?]
	at java.lang.Thread.run(Thread.java:842) [?:?]
Caused by: java.io.EOFException
	at org.postgresql.core.PGStream.receiveChar(PGStream.java:469) ~[postgresql-42.7.3.jar:42.7.3]
	at org.postgresql.core.v3.QueryExecutorImpl.processResults(QueryExecutorImpl.java:2166) ~[postgresql-42.7.3.jar:42.7.3]
	at org.postgresql.core.v3.QueryExecutorImpl.execute(QueryExecutorImpl.java:371) ~[postgresql-42.7.3.jar:42.7.3]
	... 12 more
2025-06-13 15:21:29.819 [pool-3-thread-1] INFO  network.TCPServer - Сформирован ответ клиенту /127.0.0.1: (type = ERROR, success = false, message = Ошибка сервера при проверке по...)
2025-06-13 15:21:38.345 [pool-2-thread-1] INFO  network.TCPServer - Получен запрос от /127.0.0.1: Request(type=COMMAND, commandName='add', args=[], userName='nik')
2025-06-13 15:21:38.348 [pool-3-thread-1] INFO  network.TCPServer - Сформирован ответ клиенту /127.0.0.1: (type = NEED_HUMAN_DATA, success = false, message = Для команды 'add' требуются да...)
2025-06-13 15:21:54.303 [pool-2-thread-1] INFO  network.TCPServer - Получен запрос от /127.0.0.1: Request(type=HUMAN_DATA, commandName='add', args=[], humanBeing=Человек:
  ID: не установлен
  Имя: кк
  Координаты: (x, y) : (3.0, 3)
  Дата создания: не указана
  Настоящий герой?: true
  Есть зубочистка?: true
  Скорость удара: 4.0
  Название саундтрека: 4
  Минут ожидания: 3.0
 Тип оружия: Хаммер
  Информация о машине:
    Название машины : e
    
, userName='nik')
2025-06-13 15:21:54.306 [pool-3-thread-1] ERROR managers.DatabaseManager - Ошибка при верификации пользователя 'nik': Соединение уже было закрыто
org.postgresql.util.PSQLException: Соединение уже было закрыто
	at org.postgresql.jdbc.PgConnection.checkClosed(PgConnection.java:1009) ~[postgresql-42.7.3.jar:42.7.3]
	at org.postgresql.jdbc.PgConnection.prepareStatement(PgConnection.java:1859) ~[postgresql-42.7.3.jar:42.7.3]
	at org.postgresql.jdbc.PgConnection.prepareStatement(PgConnection.java:534) ~[postgresql-42.7.3.jar:42.7.3]
	at managers.DatabaseManager.verifyUser(DatabaseManager.java:453) ~[classes/:?]
	at managers.CommandManager.executeCommand(CommandManager.java:123) ~[classes/:?]
	at network.TCPServer.processRequest(TCPServer.java:219) ~[classes/:?]
	at network.TCPServer.lambda$handleClient$1(TCPServer.java:118) ~[classes/:?]
	at java.util.concurrent.CompletableFuture$AsyncSupply.run(CompletableFuture.java:1768) [?:?]
	at java.util.concurrent.ThreadPoolExecutor.runWorker(ThreadPoolExecutor.java:1136) [?:?]
	at java.util.concurrent.ThreadPoolExecutor$Worker.run(ThreadPoolExecutor.java:635) [?:?]
	at java.lang.Thread.run(Thread.java:842) [?:?]
2025-06-13 15:21:54.307 [pool-3-thread-1] INFO  network.TCPServer - Сформирован ответ клиенту /127.0.0.1: (type = ERROR, success = false, message = Ошибка сервера при проверке по...)
2025-06-13 15:21:57.665 [pool-2-thread-1] WARN  network.TCPServer - Клиент /127.0.0.1 закрыл соединение некорректно (EOFException).
2025-06-13 15:21:57.665 [pool-2-thread-1] INFO  network.TCPServer - Клиент отключен. Текущее количество клиентов: 0
2025-06-13 15:22:00.074 [main] INFO  network.TCPServer - Подключение от клиента №1
2025-06-13 15:22:06.678 [pool-2-thread-1] INFO  network.TCPServer - Получен запрос от /127.0.0.1: Request(type=AUTHORIZE_USER, userName='nik')
2025-06-13 15:22:06.686 [pool-3-thread-1] ERROR managers.DatabaseManager - Ошибка при верификации пользователя 'nik': Соединение уже было закрыто
org.postgresql.util.PSQLException: Соединение уже было закрыто
	at org.postgresql.jdbc.PgConnection.checkClosed(PgConnection.java:1009) ~[postgresql-42.7.3.jar:42.7.3]
	at org.postgresql.jdbc.PgConnection.prepareStatement(PgConnection.java:1859) ~[postgresql-42.7.3.jar:42.7.3]
	at org.postgresql.jdbc.PgConnection.prepareStatement(PgConnection.java:534) ~[postgresql-42.7.3.jar:42.7.3]
	at managers.DatabaseManager.verifyUser(DatabaseManager.java:453) ~[classes/:?]
	at network.TCPServer.processRequest(TCPServer.java:184) ~[classes/:?]
	at network.TCPServer.lambda$handleClient$1(TCPServer.java:118) ~[classes/:?]
	at java.util.concurrent.CompletableFuture$AsyncSupply.run(CompletableFuture.java:1768) [?:?]
	at java.util.concurrent.ThreadPoolExecutor.runWorker(ThreadPoolExecutor.java:1136) [?:?]
	at java.util.concurrent.ThreadPoolExecutor$Worker.run(ThreadPoolExecutor.java:635) [?:?]
	at java.lang.Thread.run(Thread.java:842) [?:?]
2025-06-13 15:22:06.691 [pool-3-thread-1] ERROR network.TCPServer - Ошибка при обработке запроса Request(type=AUTHORIZE_USER, userName='nik'): Соединение уже было закрыто
org.postgresql.util.PSQLException: Соединение уже было закрыто
	at org.postgresql.jdbc.PgConnection.checkClosed(PgConnection.java:1009) ~[postgresql-42.7.3.jar:42.7.3]
	at org.postgresql.jdbc.PgConnection.prepareStatement(PgConnection.java:1859) ~[postgresql-42.7.3.jar:42.7.3]
	at org.postgresql.jdbc.PgConnection.prepareStatement(PgConnection.java:534) ~[postgresql-42.7.3.jar:42.7.3]
	at managers.DatabaseManager.verifyUser(DatabaseManager.java:453) ~[classes/:?]
	at network.TCPServer.processRequest(TCPServer.java:184) ~[classes/:?]
	at network.TCPServer.lambda$handleClient$1(TCPServer.java:118) ~[classes/:?]
	at java.util.concurrent.CompletableFuture$AsyncSupply.run(CompletableFuture.java:1768) [?:?]
	at java.util.concurrent.ThreadPoolExecutor.runWorker(ThreadPoolExecutor.java:1136) [?:?]
	at java.util.concurrent.ThreadPoolExecutor$Worker.run(ThreadPoolExecutor.java:635) [?:?]
	at java.lang.Thread.run(Thread.java:842) [?:?]
2025-06-13 15:22:15.200 [pool-2-thread-1] INFO  network.TCPServer - Получен запрос от /127.0.0.1: Request(type=AUTHORIZE_USER, userName='nik')
2025-06-13 15:22:15.202 [pool-3-thread-1] ERROR managers.DatabaseManager - Ошибка при верификации пользователя 'nik': Соединение уже было закрыто
org.postgresql.util.PSQLException: Соединение уже было закрыто
	at org.postgresql.jdbc.PgConnection.checkClosed(PgConnection.java:1009) ~[postgresql-42.7.3.jar:42.7.3]
	at org.postgresql.jdbc.PgConnection.prepareStatement(PgConnection.java:1859) ~[postgresql-42.7.3.jar:42.7.3]
	at org.postgresql.jdbc.PgConnection.prepareStatement(PgConnection.java:534) ~[postgresql-42.7.3.jar:42.7.3]
	at managers.DatabaseManager.verifyUser(DatabaseManager.java:453) ~[classes/:?]
	at network.TCPServer.processRequest(TCPServer.java:184) ~[classes/:?]
	at network.TCPServer.lambda$handleClient$1(TCPServer.java:118) ~[classes/:?]
	at java.util.concurrent.CompletableFuture$AsyncSupply.run(CompletableFuture.java:1768) [?:?]
	at java.util.concurrent.ThreadPoolExecutor.runWorker(ThreadPoolExecutor.java:1136) [?:?]
	at java.util.concurrent.ThreadPoolExecutor$Worker.run(ThreadPoolExecutor.java:635) [?:?]
	at java.lang.Thread.run(Thread.java:842) [?:?]
2025-06-13 15:22:15.203 [pool-3-thread-1] ERROR network.TCPServer - Ошибка при обработке запроса Request(type=AUTHORIZE_USER, userName='nik'): Соединение уже было закрыто
org.postgresql.util.PSQLException: Соединение уже было закрыто
	at org.postgresql.jdbc.PgConnection.checkClosed(PgConnection.java:1009) ~[postgresql-42.7.3.jar:42.7.3]
	at org.postgresql.jdbc.PgConnection.prepareStatement(PgConnection.java:1859) ~[postgresql-42.7.3.jar:42.7.3]
	at org.postgresql.jdbc.PgConnection.prepareStatement(PgConnection.java:534) ~[postgresql-42.7.3.jar:42.7.3]
	at managers.DatabaseManager.verifyUser(DatabaseManager.java:453) ~[classes/:?]
	at network.TCPServer.processRequest(TCPServer.java:184) ~[classes/:?]
	at network.TCPServer.lambda$handleClient$1(TCPServer.java:118) ~[classes/:?]
	at java.util.concurrent.CompletableFuture$AsyncSupply.run(CompletableFuture.java:1768) [?:?]
	at java.util.concurrent.ThreadPoolExecutor.runWorker(ThreadPoolExecutor.java:1136) [?:?]
	at java.util.concurrent.ThreadPoolExecutor$Worker.run(ThreadPoolExecutor.java:635) [?:?]
	at java.lang.Thread.run(Thread.java:842) [?:?]
2025-06-13 15:22:28.373 [main] INFO  managers.DatabaseManager - Успешное подключение к БД через SSH-туннель
2025-06-13 15:22:28.465 [main] ERROR managers.DatabaseManager - Ошибка при загрузке HumanBeing'ов: conversion to class java.lang.Float from float8 not supported
org.postgresql.util.PSQLException: conversion to class java.lang.Float from float8 not supported
	at org.postgresql.jdbc.PgResultSet.getObject(PgResultSet.java:3811) ~[postgresql-42.7.3.jar:42.7.3]
	at org.postgresql.jdbc.PgResultSet.getObject(PgResultSet.java:3942) ~[postgresql-42.7.3.jar:42.7.3]
	at managers.DatabaseManager.loadAllHumanBeings(DatabaseManager.java:499) [classes/:?]
	at managers.CollectionManager.loadCollectionFromDatabase(CollectionManager.java:81) [classes/:?]
	at managers.CollectionManager.<init>(CollectionManager.java:72) [classes/:?]
	at ServerMain.main(ServerMain.java:22) [classes/:?]
2025-06-13 15:22:28.475 [main] INFO  network.TCPServer - Сервер запущен на порту 5556
2025-06-13 15:22:28.476 [Thread-4] INFO  network.TCPServer - Доступен интерактивный режим админа
2025-06-13 15:25:28.574 [main] INFO  managers.DatabaseManager - Успешное подключение к БД через SSH-туннель
2025-06-13 15:25:28.647 [main] INFO  network.TCPServer - Сервер запущен на порту 5556
2025-06-13 15:25:28.648 [Thread-4] INFO  network.TCPServer - Доступен интерактивный режим админа
2025-06-13 15:25:33.102 [main] INFO  network.TCPServer - Подключение от клиента №1
2025-06-13 15:25:42.210 [pool-2-thread-1] INFO  network.TCPServer - Получен запрос от /127.0.0.1: Request(type=AUTHORIZE_USER, userName='nik')
2025-06-13 15:25:42.302 [pool-3-thread-1] INFO  network.TCPServer - Сформирован ответ клиенту /127.0.0.1: (type = USER_AUTHORIZATION, success = true, message = Пользователь авторизован!)
2025-06-13 15:25:45.165 [pool-2-thread-1] INFO  network.TCPServer - Получен запрос от /127.0.0.1: Request(type=COMMAND, commandName='show', args=[], userName='nik')
2025-06-13 15:25:45.243 [pool-3-thread-1] INFO  network.TCPServer - Сформирован ответ клиенту /127.0.0.1: (type = INFO, success = true, message = +------+------+------------+--...)
2025-06-13 15:25:49.126 [pool-2-thread-1] INFO  network.TCPServer - Получен запрос от /127.0.0.1: Request(type=COMMAND, commandName='add', args=[], userName='nik')
2025-06-13 15:25:49.128 [pool-3-thread-1] INFO  network.TCPServer - Сформирован ответ клиенту /127.0.0.1: (type = NEED_HUMAN_DATA, success = false, message = Для команды 'add' требуются да...)
2025-06-13 15:26:07.902 [pool-2-thread-1] INFO  network.TCPServer - Получен запрос от /127.0.0.1: Request(type=HUMAN_DATA, commandName='add', args=[], humanBeing=Человек:
  ID: не установлен
  Имя: nik
  Координаты: (x, y) : (2.0, 3)
  Дата создания: не указана
  Настоящий герой?: true
  Есть зубочистка?: true
  Скорость удара: 3.0
  Название саундтрека: t
  Минут ожидания: 2.0
 Тип оружия: Пистолет
  Информация о машине:
    Название машины : 3
    
, userName='nik')
2025-06-13 15:26:08.792 [pool-3-thread-1] INFO  network.TCPServer - Сформирован ответ клиенту /127.0.0.1: (type = INFO, success = true, message = Работник успешно добавлен в ко...)
2025-06-13 15:26:11.718 [pool-2-thread-1] INFO  network.TCPServer - Получен запрос от /127.0.0.1: Request(type=COMMAND, commandName='show', args=[], userName='nik')
2025-06-13 15:26:11.873 [pool-3-thread-1] INFO  network.TCPServer - Сформирован ответ клиенту /127.0.0.1: (type = INFO, success = true, message = +------+------+------------+--...)
2025-06-13 15:27:55.490 [pool-2-thread-1] INFO  network.TCPServer - Получен запрос от /127.0.0.1: Request(type=COMMAND, commandName='show', args=[], userName='nik')
2025-06-13 15:27:55.505 [pool-3-thread-2] ERROR managers.DatabaseManager - Ошибка при верификации пользователя 'nik': Ошибка ввода/вывода при отправке бэкенду
org.postgresql.util.PSQLException: Ошибка ввода/вывода при отправке бэкенду
	at org.postgresql.core.v3.QueryExecutorImpl.execute(QueryExecutorImpl.java:398) ~[postgresql-42.7.3.jar:42.7.3]
	at org.postgresql.jdbc.PgStatement.executeInternal(PgStatement.java:502) ~[postgresql-42.7.3.jar:42.7.3]
	at org.postgresql.jdbc.PgStatement.execute(PgStatement.java:419) ~[postgresql-42.7.3.jar:42.7.3]
	at org.postgresql.jdbc.PgPreparedStatement.executeWithFlags(PgPreparedStatement.java:194) ~[postgresql-42.7.3.jar:42.7.3]
	at org.postgresql.jdbc.PgPreparedStatement.executeQuery(PgPreparedStatement.java:137) ~[postgresql-42.7.3.jar:42.7.3]
	at managers.DatabaseManager.verifyUser(DatabaseManager.java:505) ~[classes/:?]
	at managers.CommandManager.executeCommand(CommandManager.java:123) ~[classes/:?]
	at network.TCPServer.processRequest(TCPServer.java:243) ~[classes/:?]
	at network.TCPServer.lambda$handleClient$1(TCPServer.java:118) ~[classes/:?]
	at java.util.concurrent.CompletableFuture$AsyncSupply.run(CompletableFuture.java:1768) [?:?]
	at java.util.concurrent.ThreadPoolExecutor.runWorker(ThreadPoolExecutor.java:1136) [?:?]
	at java.util.concurrent.ThreadPoolExecutor$Worker.run(ThreadPoolExecutor.java:635) [?:?]
	at java.lang.Thread.run(Thread.java:842) [?:?]
Caused by: java.net.SocketException: Broken pipe
	at sun.nio.ch.NioSocketImpl.implWrite(NioSocketImpl.java:425) ~[?:?]
	at sun.nio.ch.NioSocketImpl.write(NioSocketImpl.java:445) ~[?:?]
	at sun.nio.ch.NioSocketImpl$2.write(NioSocketImpl.java:831) ~[?:?]
	at java.net.Socket$SocketOutputStream.write(Socket.java:1035) ~[?:?]
	at sun.security.ssl.SSLSocketOutputRecord.deliver(SSLSocketOutputRecord.java:345) ~[?:?]
	at sun.security.ssl.SSLSocketImpl$AppOutputStream.write(SSLSocketImpl.java:1304) ~[?:?]
	at java.io.BufferedOutputStream.flushBuffer(BufferedOutputStream.java:81) ~[?:?]
	at java.io.BufferedOutputStream.flush(BufferedOutputStream.java:142) ~[?:?]
	at org.postgresql.core.PGStream.flush(PGStream.java:724) ~[postgresql-42.7.3.jar:42.7.3]
	at org.postgresql.core.v3.QueryExecutorImpl.sendSync(QueryExecutorImpl.java:1574) ~[postgresql-42.7.3.jar:42.7.3]
	at org.postgresql.core.v3.QueryExecutorImpl.execute(QueryExecutorImpl.java:369) ~[postgresql-42.7.3.jar:42.7.3]
	... 12 more
2025-06-13 15:27:55.511 [pool-3-thread-2] INFO  network.TCPServer - Сформирован ответ клиенту /127.0.0.1: (type = ERROR, success = false, message = Ошибка сервера при проверке по...)
2025-06-13 15:51:16.624 [Thread-0] INFO  network.SSHConnection - SSH-туннель создан: localhost:8888 -> pg:5432 через se.ifmo.ru
2025-06-13 15:51:17.813 [main] INFO  managers.DatabaseManager - Успешное подключение к БД через SSH-туннель
2025-06-13 15:51:17.900 [main] INFO  network.TCPServer - Сервер запущен на порту 5556
2025-06-13 15:51:17.901 [AdminInputThread] INFO  network.TCPServer - Доступен интерактивный режим админа
2025-06-13 15:51:19.207 [main] INFO  network.TCPServer - Подключение от клиента: 127.0.0.1 (текущее количество клиентов: 1)
2025-06-13 15:51:27.759 [pool-2-thread-1] INFO  network.TCPServer - Получен запрос от 127.0.0.1: Request(type=AUTHORIZE_USER, userName='nik')
2025-06-13 15:51:27.762 [pool-3-thread-1] INFO  network.TCPServer - Попытка авторизации пользователя: nik
2025-06-13 15:51:27.834 [pool-3-thread-1] INFO  network.TCPServer - Сформирован ответ клиенту 127.0.0.1: (type = USER_AUTHORIZATION, success = true, message = Пользователь 'nik' успешно авт...)
2025-06-13 15:51:30.211 [pool-2-thread-1] INFO  network.TCPServer - Получен запрос от 127.0.0.1: Request(type=COMMAND, commandName='add', args=[], userName='nik')
2025-06-13 15:51:30.277 [pool-3-thread-1] INFO  network.TCPServer - Сформирован ответ клиенту 127.0.0.1: (type = NEED_HUMAN_DATA, success = false, message = Для команды 'add' требуются да...)
2025-06-13 15:51:51.565 [pool-2-thread-1] INFO  network.TCPServer - Получен запрос от 127.0.0.1: Request(type=HUMAN_DATA, commandName='add', args=[], humanBeing=Человек:
  ID: не установлен
  Имя: ee
  Координаты: (x, y) : (2.0, 3)
  Дата создания: не указана
  Настоящий герой?: true
  Есть зубочистка?: true
  Скорость удара: 4.0
  Название саундтрека: rr
  Минут ожидания: 3.0
 Тип оружия: Хаммер
  Информация о машине:
    Название машины : eedd
    
, userName='nik')
2025-06-13 15:51:52.660 [pool-3-thread-1] INFO  network.TCPServer - Сформирован ответ клиенту 127.0.0.1: (type = INFO, success = true, message = Работник успешно добавлен в ко...)
2025-06-13 15:51:55.658 [pool-2-thread-1] INFO  network.TCPServer - Получен запрос от 127.0.0.1: Request(type=COMMAND, commandName='show', args=[], userName='nik')
2025-06-13 15:51:55.868 [pool-3-thread-1] INFO  network.TCPServer - Сформирован ответ клиенту 127.0.0.1: (type = INFO, success = true, message = +------+------+------------+--...)
2025-06-13 15:52:15.527 [pool-2-thread-1] INFO  network.TCPServer - Получен запрос от 127.0.0.1: Request(type=COMMAND, commandName='shw', args=[], userName='nik')
2025-06-13 15:52:15.592 [pool-3-thread-1] INFO  network.TCPServer - Сформирован ответ клиенту 127.0.0.1: (type = ERROR, success = false, message = Неизвестная команда: shw)
2025-06-13 15:52:17.619 [pool-2-thread-1] INFO  network.TCPServer - Получен запрос от 127.0.0.1: Request(type=COMMAND, commandName='show', args=[], userName='nik')
2025-06-13 15:52:17.803 [pool-3-thread-1] INFO  network.TCPServer - Сформирован ответ клиенту 127.0.0.1: (type = INFO, success = true, message = +------+------+------------+--...)
2025-06-13 15:53:38.061 [Thread-0] INFO  network.SSHConnection - SSH-туннель создан: localhost:8888 -> pg:5432 через se.ifmo.ru
2025-06-13 15:53:39.038 [main] INFO  managers.DatabaseManager - Успешное подключение к БД через SSH-туннель
2025-06-13 15:53:39.100 [main] INFO  network.TCPServer - Сервер запущен на порту 5556
2025-06-13 15:53:39.100 [AdminInputThread] INFO  network.TCPServer - Доступен интерактивный режим админа
2025-06-13 15:53:41.324 [main] INFO  network.TCPServer - Подключение от клиента: 127.0.0.1 (текущее количество клиентов: 1)
2025-06-13 15:53:49.149 [pool-2-thread-1] INFO  network.TCPServer - Получен запрос от 127.0.0.1: Request(type=REGISTER_NEW_USER, userName='nik')
2025-06-13 15:53:49.151 [pool-3-thread-1] INFO  network.TCPServer - Попытка регистрации нового пользователя: nik
2025-06-13 15:53:49.263 [pool-3-thread-1] INFO  network.TCPServer - Сформирован ответ клиенту 127.0.0.1: (type = USER_AUTHORIZATION, success = true, message = Новый аккаунт 'nik' успешно со...)
2025-06-13 15:53:53.257 [pool-2-thread-1] INFO  network.TCPServer - Получен запрос от 127.0.0.1: Request(type=AUTHORIZE_USER, userName='nik')
2025-06-13 15:53:53.258 [pool-3-thread-1] INFO  network.TCPServer - Попытка авторизации пользователя: nik
2025-06-13 15:53:53.341 [pool-3-thread-1] INFO  network.TCPServer - Сформирован ответ клиенту 127.0.0.1: (type = USER_AUTHORIZATION, success = true, message = Пользователь 'nik' успешно авт...)
2025-06-13 15:53:55.141 [pool-2-thread-1] INFO  network.TCPServer - Получен запрос от 127.0.0.1: Request(type=COMMAND, commandName='add', args=[], userName='nik')
2025-06-13 15:53:55.249 [pool-3-thread-1] INFO  network.TCPServer - Сформирован ответ клиенту 127.0.0.1: (type = NEED_HUMAN_DATA, success = false, message = Для команды 'add' требуются да...)
2025-06-13 15:54:20.188 [pool-2-thread-1] INFO  network.TCPServer - Получен запрос от 127.0.0.1: Request(type=HUMAN_DATA, commandName='add', args=[], humanBeing=Человек:
  ID: не установлен
  Имя: nikita
  Координаты: (x, y) : (2.0, 3)
  Дата создания: не указана
  Настоящий герой?: true
  Есть зубочистка?: true
  Скорость удара: 44.0
  Название саундтрека: gang
  Минут ожидания: 2.0
 Тип оружия: Пистолет
  Информация о машине:
    Название машины : car
    
, userName='nik')
2025-06-13 15:54:21.405 [pool-3-thread-1] INFO  network.TCPServer - Сформирован ответ клиенту 127.0.0.1: (type = INFO, success = true, message = Работник успешно добавлен в ко...)
2025-06-13 15:54:23.611 [pool-2-thread-1] INFO  network.TCPServer - Получен запрос от 127.0.0.1: Request(type=COMMAND, commandName='show', args=[], userName='nik')
2025-06-13 15:54:23.769 [pool-3-thread-1] INFO  network.TCPServer - Сформирован ответ клиенту 127.0.0.1: (type = INFO, success = true, message = +------+--------+------------+...)
2025-06-13 15:59:11.498 [SSH-Tunnel-Thread] INFO  network.SSHConnection - SSH-туннель создан: localhost:8888 -> pg:5432 через se.ifmo.ru
2025-06-13 15:59:13.119 [main] INFO  managers.DatabaseManager - Успешное подключение к БД через SSH-туннель
2025-06-13 15:59:13.185 [main] INFO  managers.DatabaseManager - Загружено 2 HumanBeing'ов из БД.
2025-06-13 15:59:13.191 [main] INFO  network.TCPServer - Сервер запущен на порту 5556
2025-06-13 15:59:13.192 [AdminInputThread] INFO  network.TCPServer - Доступен интерактивный режим админа
2025-06-13 15:59:14.899 [main] INFO  network.TCPServer - Подключение от клиента: 127.0.0.1 (текущее количество клиентов: 1)
2025-06-13 15:59:19.635 [pool-2-thread-1] INFO  network.TCPServer - Получен запрос от 127.0.0.1: Request(type=AUTHORIZE_USER, userName='nik')
2025-06-13 15:59:19.637 [pool-3-thread-1] INFO  network.TCPServer - Попытка авторизации пользователя: nik
2025-06-13 15:59:19.737 [pool-3-thread-1] INFO  network.TCPServer - Сформирован ответ клиенту 127.0.0.1: (type = USER_AUTHORIZATION, success = true, message = Пользователь 'nik' успешно авт...)
2025-06-13 15:59:22.069 [pool-2-thread-1] INFO  network.TCPServer - Получен запрос от 127.0.0.1: Request(type=COMMAND, commandName='add', args=[], userName='nik')
2025-06-13 15:59:22.125 [pool-3-thread-1] INFO  network.TCPServer - Сформирован ответ клиенту 127.0.0.1: (type = NEED_HUMAN_DATA, success = false, message = Для команды 'add' требуются да...)
2025-06-13 15:59:34.580 [pool-2-thread-1] INFO  network.TCPServer - Получен запрос от 127.0.0.1: Request(type=HUMAN_DATA, commandName='add', args=[], humanBeing=Человек:
  ID: не установлен
  Имя: ww
  Координаты: (x, y) : (2.0, 3)
  Дата создания: не указана
  Настоящий герой?: true
  Есть зубочистка?: true
  Скорость удара: 4.0
  Название саундтрека: 4
  Минут ожидания: 4.0
 Тип оружия: Хаммер
  Информация о машине:
    Название машины : rr
    
, userName='nik')
2025-06-13 15:59:35.466 [pool-3-thread-1] INFO  managers.DatabaseManager - HumanBeing с ID 3 успешно добавлен в БД.
2025-06-13 15:59:35.837 [pool-3-thread-1] INFO  managers.DatabaseManager - HumanBeing с ID 4 успешно добавлен в БД.
2025-06-13 15:59:35.841 [pool-3-thread-1] INFO  network.TCPServer - Сформирован ответ клиенту 127.0.0.1: (type = INFO, success = true, message = Работник успешно добавлен в ко...)
2025-06-13 15:59:38.858 [pool-2-thread-1] INFO  network.TCPServer - Получен запрос от 127.0.0.1: Request(type=COMMAND, commandName='show', args=[], userName='nik')
2025-06-13 15:59:38.992 [pool-3-thread-1] INFO  network.TCPServer - Сформирован ответ клиенту 127.0.0.1: (type = INFO, success = true, message = +------+--------+------------+...)
2025-06-13 16:05:19.807 [SSH-Tunnel-Thread] INFO  network.SSHConnection - SSH-туннель создан: localhost:8888 -> pg:5432 через se.ifmo.ru
2025-06-13 16:05:21.339 [main] INFO  managers.DatabaseManager - Успешное подключение к БД через SSH-туннель
2025-06-13 16:05:21.401 [main] INFO  managers.DatabaseManager - Загружено 4 HumanBeing'ов из БД.
2025-06-13 16:05:21.406 [main] INFO  network.TCPServer - Сервер запущен на порту 5556
2025-06-13 16:05:21.407 [AdminInputThread] INFO  network.TCPServer - Доступен интерактивный режим админа
2025-06-13 16:05:23.058 [main] INFO  network.TCPServer - Подключение от клиента: 127.0.0.1 (текущее количество клиентов: 1)
2025-06-13 16:05:31.010 [pool-2-thread-1] INFO  network.TCPServer - Получен запрос от 127.0.0.1: Request(type=AUTHORIZE_USER, userName='nik')
2025-06-13 16:05:31.013 [pool-3-thread-1] INFO  network.TCPServer - Попытка авторизации пользователя: nik
2025-06-13 16:05:31.170 [pool-3-thread-1] INFO  network.TCPServer - Сформирован ответ клиенту 127.0.0.1: (type = USER_AUTHORIZATION, success = true, message = Пользователь 'nik' успешно авт...)
2025-06-13 16:05:32.848 [pool-2-thread-1] INFO  network.TCPServer - Получен запрос от 127.0.0.1: Request(type=COMMAND, commandName='add', args=[], userName='nik')
2025-06-13 16:05:32.974 [pool-3-thread-1] INFO  network.TCPServer - Сформирован ответ клиенту 127.0.0.1: (type = NEED_HUMAN_DATA, success = false, message = Для команды 'add' требуются да...)
2025-06-13 16:05:46.542 [pool-2-thread-1] INFO  network.TCPServer - Получен запрос от 127.0.0.1: Request(type=HUMAN_DATA, commandName='add', args=[], humanBeing=Человек:
  ID: не установлен
  Имя: eee
  Координаты: (x, y) : (3.0, 2)
  Дата создания: не указана
  Настоящий герой?: true
  Есть зубочистка?: true
  Скорость удара: 3.0
  Название саундтрека: 3
  Минут ожидания: 3.0
 Тип оружия: Хаммер
  Информация о машине:
    Название машины : лвл
    
, userName='nik')
2025-06-13 16:05:47.332 [pool-3-thread-1] INFO  managers.DatabaseManager - HumanBeing с ID 5 успешно добавлен в БД.
2025-06-13 16:05:47.661 [pool-3-thread-1] INFO  managers.DatabaseManager - HumanBeing с ID 6 успешно добавлен в БД.
2025-06-13 16:05:47.718 [pool-3-thread-1] INFO  managers.DatabaseManager - Загружено 6 HumanBeing'ов из БД.
2025-06-13 16:05:47.720 [pool-3-thread-1] INFO  network.TCPServer - Сформирован ответ клиенту 127.0.0.1: (type = INFO, success = true, message = Работник успешно добавлен в ко...)
2025-06-13 16:05:52.469 [pool-2-thread-1] INFO  network.TCPServer - Получен запрос от 127.0.0.1: Request(type=COMMAND, commandName='show', args=[], userName='nik')
2025-06-13 16:05:52.612 [pool-3-thread-1] INFO  network.TCPServer - Сформирован ответ клиенту 127.0.0.1: (type = INFO, success = true, message = +------+--------+------------+...)
2025-06-13 16:13:23.212 [SSH-Tunnel-Thread] INFO  network.SSHConnection - SSH-туннель создан: localhost:8888 -> pg:5432 через se.ifmo.ru
2025-06-13 16:13:24.184 [main] INFO  managers.DatabaseManager - Успешное подключение к БД через SSH-туннель
2025-06-13 16:13:24.275 [main] INFO  managers.DatabaseManager - Загружено 6 HumanBeing'ов из БД.
2025-06-13 16:13:24.279 [main] INFO  network.TCPServer - Сервер запущен на порту 5556
2025-06-13 16:13:24.280 [AdminInputThread] INFO  network.TCPServer - Доступен интерактивный режим админа
2025-06-13 16:13:26.261 [main] INFO  network.TCPServer - Подключение от клиента: 127.0.0.1 (текущее количество клиентов: 1)
2025-06-13 16:13:32.868 [pool-2-thread-1] INFO  network.TCPServer - Получен запрос от 127.0.0.1: Request(type=AUTHORIZE_USER, userName='nik')
2025-06-13 16:13:32.871 [pool-3-thread-1] INFO  network.TCPServer - Попытка авторизации пользователя: nik
2025-06-13 16:13:32.933 [pool-3-thread-1] INFO  network.TCPServer - Сформирован ответ клиенту 127.0.0.1: (type = USER_AUTHORIZATION, success = true, message = Пользователь 'nik' успешно авт...)
2025-06-13 16:13:35.591 [pool-2-thread-1] INFO  network.TCPServer - Получен запрос от 127.0.0.1: Request(type=COMMAND, commandName='add', args=[], userName='nik')
2025-06-13 16:13:35.659 [pool-3-thread-1] INFO  network.TCPServer - Сформирован ответ клиенту 127.0.0.1: (type = NEED_HUMAN_DATA, success = false, message = Для команды 'add' требуются да...)
2025-06-13 16:13:52.413 [pool-2-thread-1] INFO  network.TCPServer - Получен запрос от 127.0.0.1: Request(type=HUMAN_DATA, commandName='add', args=[], humanBeing=Человек:
  ID: не установлен
  Имя: rrr
  Координаты: (x, y) : (3.0, 33)
  Дата создания: не указана
  Настоящий герой?: true
  Есть зубочистка?: true
  Скорость удара: 3.0
  Название саундтрека: 3
  Минут ожидания: 3.0
 Тип оружия: Хаммер
  Информация о машине:
    Название машины : 3
    
, userName='nik')
2025-06-13 16:13:52.879 [pool-3-thread-1] INFO  managers.DatabaseManager - HumanBeing с ID 7 успешно добавлен в БД.
2025-06-13 16:13:53.238 [pool-3-thread-1] INFO  managers.DatabaseManager - HumanBeing с ID 8 успешно добавлен в БД.
2025-06-13 16:13:53.298 [pool-3-thread-1] INFO  managers.DatabaseManager - Загружено 8 HumanBeing'ов из БД.
2025-06-13 16:13:53.298 [pool-3-thread-1] INFO  network.TCPServer - Сформирован ответ клиенту 127.0.0.1: (type = INFO, success = true, message = Работник успешно добавлен в ко...)
2025-06-13 16:13:58.063 [pool-2-thread-1] INFO  network.TCPServer - Получен запрос от 127.0.0.1: Request(type=COMMAND, commandName='show', args=[], userName='nik')
2025-06-13 16:13:58.394 [pool-3-thread-1] INFO  network.TCPServer - Сформирован ответ клиенту 127.0.0.1: (type = INFO, success = true, message = +------+--------+------------+...)
2025-06-13 16:16:02.467 [SSH-Tunnel-Thread] ERROR network.SSHConnection - Ошибка SSH-туннеля (JSchException): Session.connect: java.net.SocketException: Connection reset
com.jcraft.jsch.JSchException: Session.connect: java.net.SocketException: Connection reset
	at com.jcraft.jsch.Session.connect(Session.java:565) ~[jsch-0.1.55.jar:?]
	at com.jcraft.jsch.Session.connect(Session.java:183) ~[jsch-0.1.55.jar:?]
	at network.SSHConnection.run(SSHConnection.java:53) [classes/:?]
	at java.lang.Thread.run(Thread.java:842) [?:?]
2025-06-13 16:16:02.473 [SSH-Tunnel-Thread] WARN  network.SSHConnection - Попытка закрыть SSH-туннель, который уже был отключен.
2025-06-13 16:16:12.615 [main] FATAL managers.DatabaseManager - Не удалось подключиться к базе данных: Не удалось установить SSH-соединение в течение 10 секунд.
java.sql.SQLException: Не удалось установить SSH-соединение в течение 10 секунд.
	at managers.DatabaseManager.initialize(DatabaseManager.java:43) [classes/:?]
	at managers.CollectionManager.<init>(CollectionManager.java:56) [classes/:?]
	at ServerMain.main(ServerMain.java:22) [classes/:?]
2025-06-13 16:16:20.796 [SSH-Tunnel-Thread] INFO  network.SSHConnection - SSH-туннель создан: localhost:8888 -> pg:5432 через se.ifmo.ru
2025-06-13 16:16:22.582 [main] INFO  managers.DatabaseManager - Успешное подключение к БД через SSH-туннель
2025-06-13 16:16:22.655 [main] INFO  managers.DatabaseManager - Загружено 8 HumanBeing'ов из БД.
2025-06-13 16:16:22.659 [main] INFO  network.TCPServer - Сервер запущен на порту 5556
2025-06-13 16:16:22.659 [AdminInputThread] INFO  network.TCPServer - Доступен интерактивный режим админа
2025-06-13 16:16:26.587 [main] INFO  network.TCPServer - Подключение от клиента: 127.0.0.1 (текущее количество клиентов: 1)
2025-06-13 16:16:31.898 [pool-2-thread-1] INFO  network.TCPServer - Получен запрос от 127.0.0.1: Request(type=AUTHORIZE_USER, userName='nik')
2025-06-13 16:16:31.901 [pool-3-thread-1] INFO  network.TCPServer - Попытка авторизации пользователя: nik
2025-06-13 16:16:31.989 [pool-3-thread-1] INFO  network.TCPServer - Сформирован ответ клиенту 127.0.0.1: (type = USER_AUTHORIZATION, success = true, message = Пользователь 'nik' успешно авт...)
2025-06-13 16:16:35.011 [pool-2-thread-1] INFO  network.TCPServer - Получен запрос от 127.0.0.1: Request(type=COMMAND, commandName='add', args=[], userName='nik')
2025-06-13 16:16:35.060 [pool-3-thread-1] INFO  network.TCPServer - Сформирован ответ клиенту 127.0.0.1: (type = NEED_HUMAN_DATA, success = false, message = Для команды 'add' требуются да...)
2025-06-13 16:16:48.928 [pool-2-thread-1] INFO  network.TCPServer - Получен запрос от 127.0.0.1: Request(type=HUMAN_DATA, commandName='add', args=[], humanBeing=Человек:
  ID: не установлен
  Имя: e
  Координаты: (x, y) : (3.0, 3)
  Дата создания: не указана
  Настоящий герой?: true
  Есть зубочистка?: true
  Скорость удара: 3.0
  Название саундтрека: 2
  Минут ожидания: 2.0
 Тип оружия: Хаммер
  Информация о машине:
    Название машины : ekjdk
    
, userName='nik')
2025-06-13 16:16:49.460 [pool-3-thread-1] INFO  managers.DatabaseManager - HumanBeing с ID 9 успешно добавлен в БД.
2025-06-13 16:16:49.519 [pool-3-thread-1] INFO  managers.DatabaseManager - Загружено 9 HumanBeing'ов из БД.
2025-06-13 16:16:49.519 [pool-3-thread-1] INFO  network.TCPServer - Сформирован ответ клиенту 127.0.0.1: (type = INFO, success = true, message = Элемент успешно добавлен с ID:...)
2025-06-13 16:16:51.577 [pool-2-thread-1] INFO  network.TCPServer - Получен запрос от 127.0.0.1: Request(type=COMMAND, commandName='show', args=[], userName='nik')
2025-06-13 16:16:51.731 [pool-3-thread-1] INFO  network.TCPServer - Сформирован ответ клиенту 127.0.0.1: (type = INFO, success = true, message = +------+--------+------------+...)
2025-06-13 16:17:32.731 [pool-2-thread-1] INFO  network.TCPServer - Получен запрос от 127.0.0.1: Request(type=COMMAND, commandName='show', args=[], userName='nik')
2025-06-13 16:17:39.890 [pool-2-thread-1] INFO  network.TCPServer - Получен запрос от 127.0.0.1: Request(type=COMMAND, commandName='add', args=[], userName='nik')
2025-06-13 16:17:47.070 [SSH-Tunnel-Thread] INFO  network.SSHConnection - SSH-туннель создан: localhost:8888 -> pg:5432 через se.ifmo.ru
2025-06-13 16:17:47.949 [main] INFO  managers.DatabaseManager - Успешное подключение к БД через SSH-туннель
2025-06-13 16:17:48.030 [main] INFO  managers.DatabaseManager - Загружено 0 HumanBeing'ов из БД.
2025-06-13 16:17:48.036 [main] INFO  network.TCPServer - Сервер запущен на порту 5556
2025-06-13 16:17:48.036 [AdminInputThread] INFO  network.TCPServer - Доступен интерактивный режим админа
2025-06-13 16:17:49.191 [main] INFO  network.TCPServer - Подключение от клиента: 127.0.0.1 (текущее количество клиентов: 1)
2025-06-13 16:17:55.694 [pool-2-thread-1] INFO  network.TCPServer - Получен запрос от 127.0.0.1: Request(type=AUTHORIZE_USER, userName='nik')
2025-06-13 16:17:55.696 [pool-3-thread-1] INFO  network.TCPServer - Попытка авторизации пользователя: nik
2025-06-13 16:17:55.781 [pool-3-thread-1] INFO  network.TCPServer - Сформирован ответ клиенту 127.0.0.1: (type = USER_AUTHORIZATION, success = false, message = Неправильный логин или пароль!)
2025-06-13 16:18:05.645 [pool-2-thread-1] INFO  network.TCPServer - Получен запрос от 127.0.0.1: Request(type=REGISTER_NEW_USER, userName='nik')
2025-06-13 16:18:05.646 [pool-3-thread-1] INFO  network.TCPServer - Попытка регистрации нового пользователя: nik
2025-06-13 16:18:05.928 [pool-3-thread-1] INFO  managers.DatabaseManager - Пользователь 'nik' успешно сохранен.
2025-06-13 16:18:05.929 [pool-3-thread-1] INFO  network.TCPServer - Сформирован ответ клиенту 127.0.0.1: (type = USER_AUTHORIZATION, success = true, message = Новый аккаунт 'nik' успешно со...)
2025-06-13 16:18:13.243 [pool-2-thread-1] INFO  network.TCPServer - Получен запрос от 127.0.0.1: Request(type=AUTHORIZE_USER, userName='nik')
2025-06-13 16:18:13.245 [pool-3-thread-1] INFO  network.TCPServer - Попытка авторизации пользователя: nik
2025-06-13 16:18:13.434 [pool-3-thread-1] INFO  network.TCPServer - Сформирован ответ клиенту 127.0.0.1: (type = USER_AUTHORIZATION, success = true, message = Пользователь 'nik' успешно авт...)
2025-06-13 16:18:15.192 [pool-2-thread-1] INFO  network.TCPServer - Получен запрос от 127.0.0.1: Request(type=COMMAND, commandName='add', args=[], userName='nik')
2025-06-13 16:18:15.389 [pool-3-thread-1] INFO  network.TCPServer - Сформирован ответ клиенту 127.0.0.1: (type = NEED_HUMAN_DATA, success = false, message = Для команды 'add' требуются да...)
2025-06-13 16:18:41.204 [pool-2-thread-1] INFO  network.TCPServer - Получен запрос от 127.0.0.1: Request(type=HUMAN_DATA, commandName='add', args=[], humanBeing=Человек:
  ID: не установлен
  Имя: nikittttooo
  Координаты: (x, y) : (23.0, 34)
  Дата создания: не указана
  Настоящий герой?: true
  Есть зубочистка?: true
  Скорость удара: 3.0
  Название саундтрека: gangnam
  Минут ожидания: 3.0
 Тип оружия: Пистолет
  Информация о машине:
    Название машины : mustang
    
, userName='nik')
2025-06-13 16:18:41.762 [pool-3-thread-1] INFO  managers.DatabaseManager - HumanBeing с ID 1 успешно добавлен в БД.
2025-06-13 16:18:41.826 [pool-3-thread-1] INFO  managers.DatabaseManager - Загружено 1 HumanBeing'ов из БД.
2025-06-13 16:18:41.827 [pool-3-thread-1] INFO  network.TCPServer - Сформирован ответ клиенту 127.0.0.1: (type = INFO, success = true, message = Элемент успешно добавлен с ID:...)
2025-06-13 16:18:43.397 [pool-2-thread-1] INFO  network.TCPServer - Получен запрос от 127.0.0.1: Request(type=COMMAND, commandName='show', args=[], userName='nik')
2025-06-13 16:18:43.575 [pool-3-thread-1] INFO  network.TCPServer - Сформирован ответ клиенту 127.0.0.1: (type = INFO, success = true, message = +------+------------+---------...)
2025-06-13 16:18:54.078 [pool-2-thread-1] INFO  network.TCPServer - Получен запрос от 127.0.0.1: Request(type=COMMAND, commandName='help', args=[], userName='nik')
2025-06-13 16:18:54.128 [pool-3-thread-1] INFO  network.TCPServer - Сформирован ответ клиенту 127.0.0.1: (type = INFO, success = true, message = Доступные команды:
  add - доб...)
2025-06-13 16:19:11.742 [pool-2-thread-1] INFO  network.TCPServer - Получен запрос от 127.0.0.1: Request(type=COMMAND, commandName='print_descending', args=[], userName='nik')
2025-06-13 16:19:11.926 [pool-3-thread-1] INFO  network.TCPServer - Сформирован ответ клиенту 127.0.0.1: (type = INFO, success = true, message = +------+------------+---------...)
2025-06-13 16:19:15.399 [pool-2-thread-1] INFO  network.TCPServer - Получен запрос от 127.0.0.1: Request(type=COMMAND, commandName='info', args=[], userName='nik')
2025-06-13 16:19:15.470 [pool-3-thread-1] INFO  network.TCPServer - Сформирован ответ клиенту 127.0.0.1: (type = INFO, success = true, message = Тип коллекции - LinkedHashSet
...)
2025-06-13 16:19:30.613 [pool-2-thread-1] INFO  network.TCPServer - Получен запрос от 127.0.0.1: Request(type=SCRIPT_TRANSFER, commandName='execute_script', args=[script1.txt], scriptContent='(present)', userName='nik')
2025-06-13 16:19:30.668 [pool-3-thread-1] INFO  network.TCPServer - Начало выполнения скрипта: script1.txt
2025-06-13 16:19:30.673 [pool-3-thread-1] ERROR network.TCPServer - Ошибка при обработке команды в скрипте script1.txt: execute_script script.txt - Файл скрипта не найден или не является обычным файлом: script.txt
java.io.FileNotFoundException: Файл скрипта не найден или не является обычным файлом: script.txt
	at network.TCPServer.handleNestedScript(TCPServer.java:382) ~[classes/:?]
	at network.TCPServer.processScriptContent(TCPServer.java:328) ~[classes/:?]
	at network.TCPServer.processScriptRequest(TCPServer.java:290) ~[classes/:?]
	at network.TCPServer.processRequest(TCPServer.java:241) ~[classes/:?]
	at network.TCPServer.lambda$handleClient$1(TCPServer.java:120) ~[classes/:?]
	at java.util.concurrent.CompletableFuture$AsyncSupply.run(CompletableFuture.java:1768) [?:?]
	at java.util.concurrent.ThreadPoolExecutor.runWorker(ThreadPoolExecutor.java:1136) [?:?]
	at java.util.concurrent.ThreadPoolExecutor$Worker.run(ThreadPoolExecutor.java:635) [?:?]
	at java.lang.Thread.run(Thread.java:842) [?:?]
2025-06-13 16:19:30.686 [pool-3-thread-1] INFO  network.TCPServer - Сформирован ответ клиенту 127.0.0.1: (type = INFO, success = true, message = === Начало выполнения скрипта ...)
2025-06-13 16:21:00.209 [pool-2-thread-1] INFO  network.TCPServer - Получен запрос от 127.0.0.1: Request(type=SCRIPT_TRANSFER, commandName='execute_script', args=[client/src/script1.txt], scriptContent='(present)', userName='nik')
2025-06-13 16:21:00.432 [pool-3-thread-2] INFO  network.TCPServer - Начало выполнения скрипта: client/src/script1.txt
2025-06-13 16:21:00.570 [pool-3-thread-2] ERROR network.TCPServer - Ошибка при обработке команды в скрипте client/src/script1.txt: execute_script client/src/script1.txt - Рекурсивный вызов из client/src/script1.txt в client/src/script1.txt
exceptions.ScriptRecursionException: Рекурсивный вызов из client/src/script1.txt в client/src/script1.txt
	at network.TCPServer.handleNestedScript(TCPServer.java:373) ~[classes/:?]
	at network.TCPServer.processScriptContent(TCPServer.java:328) ~[classes/:?]
	at network.TCPServer.processScriptRequest(TCPServer.java:290) ~[classes/:?]
	at network.TCPServer.processRequest(TCPServer.java:241) ~[classes/:?]
	at network.TCPServer.lambda$handleClient$1(TCPServer.java:120) ~[classes/:?]
	at java.util.concurrent.CompletableFuture$AsyncSupply.run(CompletableFuture.java:1768) [?:?]
	at java.util.concurrent.ThreadPoolExecutor.runWorker(ThreadPoolExecutor.java:1136) [?:?]
	at java.util.concurrent.ThreadPoolExecutor$Worker.run(ThreadPoolExecutor.java:635) [?:?]
	at java.lang.Thread.run(Thread.java:842) [?:?]
2025-06-13 16:21:00.571 [pool-3-thread-2] INFO  network.TCPServer - Сформирован ответ клиенту 127.0.0.1: (type = INFO, success = true, message = === Начало выполнения скрипта ...)
2025-06-13 16:39:00.489 [SSH-Tunnel-Thread] WARN  network.SSHConnection - Попытка закрыть SSH-туннель, который уже был отключен.
2025-06-13 16:41:27.637 [SSH-Tunnel-Thread] INFO  network.SSHConnection - SSH-туннель создан: localhost:8888 -> pg:5432 через se.ifmo.ru
2025-06-13 16:41:28.590 [main] INFO  managers.DatabaseManager - Успешное подключение к БД через SSH-туннель
2025-06-13 16:41:28.670 [main] INFO  managers.DatabaseManager - Загружено 0 HumanBeing'ов из БД.
2025-06-13 16:41:28.675 [main] INFO  network.TCPServer - Сервер запущен на порту 5556
2025-06-13 16:41:28.676 [AdminInputThread] INFO  network.TCPServer - Доступен интерактивный режим админа
2025-06-13 16:41:35.745 [main] INFO  network.TCPServer - Подключение от клиента: 127.0.0.1 (текущее количество клиентов: 1)
2025-06-13 16:41:48.855 [pool-2-thread-1] INFO  network.TCPServer - Получен запрос от 127.0.0.1: Request(type=REGISTER_NEW_USER, userName='nik')
2025-06-13 16:41:48.858 [pool-3-thread-1] INFO  network.TCPServer - Попытка регистрации нового пользователя: nik
2025-06-13 16:41:49.171 [pool-3-thread-1] INFO  managers.DatabaseManager - Пользователь 'nik' успешно сохранен.
2025-06-13 16:41:49.176 [pool-3-thread-1] INFO  network.TCPServer - Сформирован ответ клиенту 127.0.0.1: (type = USER_AUTHORIZATION, success = true, message = Новый аккаунт 'nik' успешно со...)
2025-06-13 16:41:55.828 [pool-2-thread-1] INFO  network.TCPServer - Получен запрос от 127.0.0.1: Request(type=REGISTER_NEW_USER, userName='nik')
2025-06-13 16:41:55.830 [pool-3-thread-1] INFO  network.TCPServer - Попытка регистрации нового пользователя: nik
2025-06-13 16:41:56.133 [pool-3-thread-1] WARN  managers.DatabaseManager - Ошибка: пользователь с именем 'nik' уже существует.
2025-06-13 16:41:56.133 [pool-3-thread-1] INFO  network.TCPServer - Сформирован ответ клиенту 127.0.0.1: (type = USER_AUTHORIZATION, success = false, message = Пользователь с именем 'nik' уж...)
2025-06-13 17:06:32.880 [SSH-Tunnel-Thread] WARN  network.SSHConnection - Попытка закрыть SSH-туннель, который уже был отключен.
2025-06-13 17:41:56.363 [pool-2-thread-1] INFO  network.TCPServer - Получен запрос от 127.0.0.1: Request(type=AUTHORIZE_USER, userName='nik')
2025-06-13 17:41:56.372 [pool-3-thread-2] INFO  network.TCPServer - Попытка авторизации пользователя: nik
2025-06-13 17:41:56.382 [pool-3-thread-2] ERROR managers.DatabaseManager - Ошибка при верификации пользователя 'nik': Ошибка ввода/вывода при отправке бэкенду
org.postgresql.util.PSQLException: Ошибка ввода/вывода при отправке бэкенду
	at org.postgresql.core.v3.QueryExecutorImpl.execute(QueryExecutorImpl.java:398) ~[postgresql-42.7.3.jar:42.7.3]
	at org.postgresql.jdbc.PgStatement.executeInternal(PgStatement.java:502) ~[postgresql-42.7.3.jar:42.7.3]
	at org.postgresql.jdbc.PgStatement.execute(PgStatement.java:419) ~[postgresql-42.7.3.jar:42.7.3]
	at org.postgresql.jdbc.PgPreparedStatement.executeWithFlags(PgPreparedStatement.java:194) ~[postgresql-42.7.3.jar:42.7.3]
	at org.postgresql.jdbc.PgPreparedStatement.executeQuery(PgPreparedStatement.java:137) ~[postgresql-42.7.3.jar:42.7.3]
	at managers.DatabaseManager.verifyUser(DatabaseManager.java:534) ~[classes/:?]
	at network.TCPServer.processRequest(TCPServer.java:194) ~[classes/:?]
	at network.TCPServer.lambda$handleClient$1(TCPServer.java:120) ~[classes/:?]
	at java.util.concurrent.CompletableFuture$AsyncSupply.run(CompletableFuture.java:1768) [?:?]
	at java.util.concurrent.ThreadPoolExecutor.runWorker(ThreadPoolExecutor.java:1136) [?:?]
	at java.util.concurrent.ThreadPoolExecutor$Worker.run(ThreadPoolExecutor.java:635) [?:?]
	at java.lang.Thread.run(Thread.java:842) [?:?]
Caused by: java.net.SocketException: Broken pipe
	at sun.nio.ch.NioSocketImpl.implWrite(NioSocketImpl.java:425) ~[?:?]
	at sun.nio.ch.NioSocketImpl.write(NioSocketImpl.java:445) ~[?:?]
	at sun.nio.ch.NioSocketImpl$2.write(NioSocketImpl.java:831) ~[?:?]
	at java.net.Socket$SocketOutputStream.write(Socket.java:1035) ~[?:?]
	at sun.security.ssl.SSLSocketOutputRecord.deliver(SSLSocketOutputRecord.java:345) ~[?:?]
	at sun.security.ssl.SSLSocketImpl$AppOutputStream.write(SSLSocketImpl.java:1304) ~[?:?]
	at java.io.BufferedOutputStream.flushBuffer(BufferedOutputStream.java:81) ~[?:?]
	at java.io.BufferedOutputStream.flush(BufferedOutputStream.java:142) ~[?:?]
	at org.postgresql.core.PGStream.flush(PGStream.java:724) ~[postgresql-42.7.3.jar:42.7.3]
	at org.postgresql.core.v3.QueryExecutorImpl.sendSync(QueryExecutorImpl.java:1574) ~[postgresql-42.7.3.jar:42.7.3]
	at org.postgresql.core.v3.QueryExecutorImpl.execute(QueryExecutorImpl.java:369) ~[postgresql-42.7.3.jar:42.7.3]
	... 11 more
2025-06-13 17:41:56.394 [pool-3-thread-2] ERROR network.TCPServer - Ошибка БД при верификации пользователя 'nik': Ошибка ввода/вывода при отправке бэкенду
org.postgresql.util.PSQLException: Ошибка ввода/вывода при отправке бэкенду
	at org.postgresql.core.v3.QueryExecutorImpl.execute(QueryExecutorImpl.java:398) ~[postgresql-42.7.3.jar:42.7.3]
	at org.postgresql.jdbc.PgStatement.executeInternal(PgStatement.java:502) ~[postgresql-42.7.3.jar:42.7.3]
	at org.postgresql.jdbc.PgStatement.execute(PgStatement.java:419) ~[postgresql-42.7.3.jar:42.7.3]
	at org.postgresql.jdbc.PgPreparedStatement.executeWithFlags(PgPreparedStatement.java:194) ~[postgresql-42.7.3.jar:42.7.3]
	at org.postgresql.jdbc.PgPreparedStatement.executeQuery(PgPreparedStatement.java:137) ~[postgresql-42.7.3.jar:42.7.3]
	at managers.DatabaseManager.verifyUser(DatabaseManager.java:534) ~[classes/:?]
	at network.TCPServer.processRequest(TCPServer.java:194) ~[classes/:?]
	at network.TCPServer.lambda$handleClient$1(TCPServer.java:120) ~[classes/:?]
	at java.util.concurrent.CompletableFuture$AsyncSupply.run(CompletableFuture.java:1768) [?:?]
	at java.util.concurrent.ThreadPoolExecutor.runWorker(ThreadPoolExecutor.java:1136) [?:?]
	at java.util.concurrent.ThreadPoolExecutor$Worker.run(ThreadPoolExecutor.java:635) [?:?]
	at java.lang.Thread.run(Thread.java:842) [?:?]
Caused by: java.net.SocketException: Broken pipe
	at sun.nio.ch.NioSocketImpl.implWrite(NioSocketImpl.java:425) ~[?:?]
	at sun.nio.ch.NioSocketImpl.write(NioSocketImpl.java:445) ~[?:?]
	at sun.nio.ch.NioSocketImpl$2.write(NioSocketImpl.java:831) ~[?:?]
	at java.net.Socket$SocketOutputStream.write(Socket.java:1035) ~[?:?]
	at sun.security.ssl.SSLSocketOutputRecord.deliver(SSLSocketOutputRecord.java:345) ~[?:?]
	at sun.security.ssl.SSLSocketImpl$AppOutputStream.write(SSLSocketImpl.java:1304) ~[?:?]
	at java.io.BufferedOutputStream.flushBuffer(BufferedOutputStream.java:81) ~[?:?]
	at java.io.BufferedOutputStream.flush(BufferedOutputStream.java:142) ~[?:?]
	at org.postgresql.core.PGStream.flush(PGStream.java:724) ~[postgresql-42.7.3.jar:42.7.3]
	at org.postgresql.core.v3.QueryExecutorImpl.sendSync(QueryExecutorImpl.java:1574) ~[postgresql-42.7.3.jar:42.7.3]
	at org.postgresql.core.v3.QueryExecutorImpl.execute(QueryExecutorImpl.java:369) ~[postgresql-42.7.3.jar:42.7.3]
	... 11 more
2025-06-13 17:41:56.394 [pool-3-thread-2] INFO  network.TCPServer - Сформирован ответ клиенту 127.0.0.1: (type = ERROR, success = false, message = Ошибка базы данных при проверк...)
2025-06-13 17:42:07.082 [SSH-Tunnel-Thread] INFO  network.SSHConnection - SSH-туннель создан: localhost:8888 -> pg:5432 через se.ifmo.ru
2025-06-13 17:42:08.845 [main] INFO  managers.DatabaseManager - Успешное подключение к БД через SSH-туннель
2025-06-13 17:42:08.906 [main] INFO  managers.DatabaseManager - Загружено 0 HumanBeing'ов из БД.
2025-06-13 17:42:08.910 [main] INFO  network.TCPServer - Сервер запущен на порту 5556
2025-06-13 17:42:08.911 [AdminInputThread] INFO  network.TCPServer - Доступен интерактивный режим админа
2025-06-13 17:42:10.079 [main] INFO  network.TCPServer - Подключение от клиента: 127.0.0.1 (текущее количество клиентов: 1)
2025-06-13 17:42:14.947 [pool-2-thread-1] INFO  network.TCPServer - Получен запрос от 127.0.0.1: Request(type=AUTHORIZE_USER, userName='nik')
2025-06-13 17:42:14.951 [pool-3-thread-1] INFO  network.TCPServer - Попытка авторизации пользователя: nik
2025-06-13 17:42:15.125 [pool-3-thread-1] INFO  network.TCPServer - Сформирован ответ клиенту 127.0.0.1: (type = USER_AUTHORIZATION, success = true, message = Пользователь 'nik' успешно авт...)
2025-06-13 17:42:17.756 [pool-2-thread-1] INFO  network.TCPServer - Получен запрос от 127.0.0.1: Request(type=COMMAND, commandName='show', args=[], userName='nik')
2025-06-13 17:42:17.975 [pool-3-thread-1] INFO  network.TCPServer - Сформирован ответ клиенту 127.0.0.1: (type = INFO, success = true, message = Коллекция пуста.)
2025-06-13 17:42:30.283 [pool-2-thread-1] INFO  network.TCPServer - Получен запрос от 127.0.0.1: Request(type=COMMAND, commandName='add', args=[], userName='nik')
2025-06-13 17:42:30.354 [pool-3-thread-1] INFO  network.TCPServer - Сформирован ответ клиенту 127.0.0.1: (type = NEED_HUMAN_DATA, success = false, message = Для команды 'add' требуются да...)
2025-06-13 17:42:50.280 [pool-2-thread-1] INFO  network.TCPServer - Получен запрос от 127.0.0.1: Request(type=HUMAN_DATA, commandName='add', args=[], humanBeing=Человек:
  ID: не установлен
  Имя: niki
  Координаты: (x, y) : (3.0, 4)
  Дата создания: не указана
  Настоящий герой?: true
  Есть зубочистка?: true
  Скорость удара: 56.0
  Название саундтрека: 5
  Минут ожидания: 4.0
 Тип оружия: Пистолет
  Информация о машине:
    Название машины : ssdd
    
, userName='nik')
2025-06-13 17:42:51.120 [pool-3-thread-1] INFO  managers.DatabaseManager - HumanBeing с ID 1 успешно добавлен в БД.
2025-06-13 17:42:51.174 [pool-3-thread-1] INFO  managers.DatabaseManager - Загружено 1 HumanBeing'ов из БД.
2025-06-13 17:42:51.174 [pool-3-thread-1] INFO  network.TCPServer - Сформирован ответ клиенту 127.0.0.1: (type = INFO, success = true, message = Элемент успешно добавлен с ID:...)
2025-06-13 17:42:53.434 [pool-2-thread-1] INFO  network.TCPServer - Получен запрос от 127.0.0.1: Request(type=COMMAND, commandName='show', args=[], userName='nik')
2025-06-13 17:42:53.639 [pool-3-thread-1] INFO  network.TCPServer - Сформирован ответ клиенту 127.0.0.1: (type = INFO, success = true, message = +------+------+------------+--...)
2025-06-13 17:43:06.466 [pool-2-thread-1] INFO  network.TCPServer - Получен запрос от 127.0.0.1: Request(type=COMMAND, commandName='help', args=[], userName='nik')
2025-06-13 17:43:06.671 [pool-3-thread-1] INFO  network.TCPServer - Сформирован ответ клиенту 127.0.0.1: (type = INFO, success = true, message = Доступные команды:
  add - доб...)
2025-06-13 17:43:34.595 [pool-2-thread-1] INFO  network.TCPServer - Получен запрос от 127.0.0.1: Request(type=COMMAND, commandName='update', args=[1], userName='nik')
2025-06-13 17:43:34.684 [pool-3-thread-1] INFO  network.TCPServer - Сформирован ответ клиенту 127.0.0.1: (type = NEED_HUMAN_DATA, success = false, message = Для команды 'update' требуются...)
2025-06-13 17:43:48.708 [pool-2-thread-1] INFO  network.TCPServer - Получен запрос от 127.0.0.1: Request(type=HUMAN_DATA, commandName='update', args=[1], humanBeing=Человек:
  ID: не установлен
  Имя: dkkd
  Координаты: (x, y) : (3.0, 3)
  Дата создания: не указана
  Настоящий герой?: false
  Есть зубочистка?: false
  Скорость удара: 3.0
  Название саундтрека: 3
  Минут ожидания: 3.0
 Тип оружия: Хаммер
  Информация о машине:
    Название машины : kdkd
    
, userName='nik')
2025-06-13 17:43:48.814 [pool-3-thread-1] INFO  network.TCPServer - Сформирован ответ клиенту 127.0.0.1: (type = INFO, success = true, message = Ошибка валидации обновляемого ...)
2025-06-13 17:44:28.857 [pool-2-thread-1] WARN  network.TCPServer - Клиент 127.0.0.1 закрыл соединение некорректно (EOFException).
2025-06-13 17:44:28.859 [pool-2-thread-1] INFO  network.TCPServer - Клиент отключен. Текущее количество клиентов: 0
2025-06-13 17:44:29.490 [main] INFO  network.TCPServer - Подключение от клиента: 127.0.0.1 (текущее количество клиентов: 1)
2025-06-13 17:44:39.338 [pool-2-thread-1] INFO  network.TCPServer - Получен запрос от 127.0.0.1: Request(type=REGISTER_NEW_USER, userName='gik')
2025-06-13 17:44:39.340 [pool-3-thread-1] INFO  network.TCPServer - Попытка регистрации нового пользователя: gik
2025-06-13 17:44:39.450 [pool-3-thread-1] INFO  managers.DatabaseManager - Пользователь 'gik' успешно сохранен.
2025-06-13 17:44:39.450 [pool-3-thread-1] INFO  network.TCPServer - Сформирован ответ клиенту 127.0.0.1: (type = USER_AUTHORIZATION, success = true, message = Новый аккаунт 'gik' успешно со...)
2025-06-13 17:44:46.596 [pool-2-thread-1] INFO  network.TCPServer - Получен запрос от 127.0.0.1: Request(type=AUTHORIZE_USER, userName='gik')
2025-06-13 17:44:46.598 [pool-3-thread-1] INFO  network.TCPServer - Попытка авторизации пользователя: gik
2025-06-13 17:44:46.666 [pool-3-thread-1] INFO  network.TCPServer - Сформирован ответ клиенту 127.0.0.1: (type = USER_AUTHORIZATION, success = true, message = Пользователь 'gik' успешно авт...)
2025-06-13 17:44:53.324 [pool-2-thread-1] INFO  network.TCPServer - Получен запрос от 127.0.0.1: Request(type=COMMAND, commandName='help', args=[], userName='gik')
2025-06-13 17:44:53.389 [pool-3-thread-1] INFO  network.TCPServer - Сформирован ответ клиенту 127.0.0.1: (type = INFO, success = true, message = Доступные команды:
  add - доб...)
2025-06-13 17:44:58.673 [pool-2-thread-1] INFO  network.TCPServer - Получен запрос от 127.0.0.1: Request(type=COMMAND, commandName='clear', args=[], userName='gik')
2025-06-13 17:44:58.798 [pool-3-thread-1] INFO  network.TCPServer - Сформирован ответ клиенту 127.0.0.1: (type = INFO, success = true, message = Нет элементов, принадлежащих п...)
2025-06-13 17:45:05.226 [pool-2-thread-1] WARN  network.TCPServer - Клиент 127.0.0.1 закрыл соединение некорректно (EOFException).
2025-06-13 17:45:05.227 [pool-2-thread-1] INFO  network.TCPServer - Клиент отключен. Текущее количество клиентов: 0
2025-06-13 17:45:05.603 [main] INFO  network.TCPServer - Подключение от клиента: 127.0.0.1 (текущее количество клиентов: 1)
2025-06-13 17:45:22.215 [pool-2-thread-1] INFO  network.TCPServer - Получен запрос от 127.0.0.1: Request(type=AUTHORIZE_USER, userName='nik')
2025-06-13 17:45:22.216 [pool-3-thread-1] INFO  network.TCPServer - Попытка авторизации пользователя: nik
2025-06-13 17:45:22.444 [pool-3-thread-1] INFO  network.TCPServer - Сформирован ответ клиенту 127.0.0.1: (type = USER_AUTHORIZATION, success = true, message = Пользователь 'nik' успешно авт...)
2025-06-13 17:45:25.907 [pool-2-thread-1] INFO  network.TCPServer - Получен запрос от 127.0.0.1: Request(type=COMMAND, commandName='clear', args=[], userName='nik')
2025-06-13 17:45:26.571 [pool-3-thread-1] INFO  managers.DatabaseManager - HumanBeing с ID 1 успешно удален вместе с связанными данными.
2025-06-13 17:45:26.572 [pool-3-thread-1] INFO  network.TCPServer - Сформирован ответ клиенту 127.0.0.1: (type = INFO, success = true, message = Попытка удаления элементов пол...)
2025-06-13 17:45:41.295 [pool-2-thread-1] INFO  network.TCPServer - Получен запрос от 127.0.0.1: Request(type=COMMAND, commandName='help', args=[], userName='nik')
2025-06-13 17:45:41.358 [pool-3-thread-1] INFO  network.TCPServer - Сформирован ответ клиенту 127.0.0.1: (type = INFO, success = true, message = Доступные команды:
  add - доб...)
2025-06-13 18:03:34.872 [SSH-Tunnel-Thread] INFO  network.SSHConnection - SSH-туннель создан: localhost:8888 -> pg:5432 через se.ifmo.ru
2025-06-13 18:03:35.792 [main] INFO  managers.DatabaseManager - Успешное подключение к БД через SSH-туннель
2025-06-13 18:03:35.866 [main] INFO  managers.DatabaseManager - Загружено 0 HumanBeing'ов из БД.
2025-06-13 18:03:35.869 [main] INFO  network.TCPServer - Сервер запущен на порту 5556
2025-06-13 18:03:35.870 [AdminInputThread] INFO  network.TCPServer - Доступен интерактивный режим админа
2025-06-13 18:03:38.380 [main] INFO  network.TCPServer - Подключение от клиента: 127.0.0.1 (текущее количество клиентов: 1)
2025-06-13 18:03:48.610 [pool-2-thread-1] INFO  network.TCPServer - Получен запрос от 127.0.0.1: Request(type=AUTHORIZE_USER, userName='nik')
2025-06-13 18:03:48.613 [pool-3-thread-1] INFO  network.TCPServer - Попытка авторизации пользователя: nik
2025-06-13 18:03:48.682 [pool-3-thread-1] INFO  network.TCPServer - Сформирован ответ клиенту 127.0.0.1: (type = USER_AUTHORIZATION, success = true, message = Пользователь 'nik' успешно авт...)
2025-06-13 18:46:02.673 [SSH-Tunnel-Thread] ERROR network.SSHConnection - Ошибка SSH-туннеля (JSchException): Session.connect: java.net.SocketException: Invalid argument
com.jcraft.jsch.JSchException: Session.connect: java.net.SocketException: Invalid argument
	at com.jcraft.jsch.Session.connect(Session.java:565) ~[server-1.0-SNAPSHOT-jar-with-dependencies.jar:?]
	at com.jcraft.jsch.Session.connect(Session.java:183) ~[server-1.0-SNAPSHOT-jar-with-dependencies.jar:?]
	at network.SSHConnection.run(SSHConnection.java:49) ~[server-1.0-SNAPSHOT-jar-with-dependencies.jar:?]
	at java.lang.Thread.run(Thread.java:1575) [?:?]
2025-06-13 18:46:02.682 [SSH-Tunnel-Thread] WARN  network.SSHConnection - Попытка закрыть SSH-туннель, который уже был отключен.
2025-06-13 18:46:12.812 [main] FATAL managers.DatabaseManager - Не удалось подключиться к базе данных: Не удалось установить SSH-соединение в течение 10 секунд.
java.sql.SQLException: Не удалось установить SSH-соединение в течение 10 секунд.
	at managers.DatabaseManager.initialize(DatabaseManager.java:43) [server-1.0-SNAPSHOT-jar-with-dependencies.jar:?]
	at managers.CollectionManager.<init>(CollectionManager.java:54) [server-1.0-SNAPSHOT-jar-with-dependencies.jar:?]
	at ServerMain.main(ServerMain.java:14) [server-1.0-SNAPSHOT-jar-with-dependencies.jar:?]
2025-06-13 18:49:23.161 [SSH-Tunnel-Thread] ERROR network.SSHConnection - Ошибка SSH-туннеля (JSchException): PortForwardingL: local port 127.0.0.1:8888 cannot be bound.
com.jcraft.jsch.JSchException: PortForwardingL: local port 127.0.0.1:8888 cannot be bound.
	at com.jcraft.jsch.PortWatcher.<init>(PortWatcher.java:158) ~[server-1.0-SNAPSHOT.jar:?]
	at com.jcraft.jsch.PortWatcher.addPort(PortWatcher.java:110) ~[server-1.0-SNAPSHOT.jar:?]
	at com.jcraft.jsch.Session.setPortForwardingL(Session.java:1847) ~[server-1.0-SNAPSHOT.jar:?]
	at com.jcraft.jsch.Session.setPortForwardingL(Session.java:1828) ~[server-1.0-SNAPSHOT.jar:?]
	at com.jcraft.jsch.Session.setPortForwardingL(Session.java:1809) ~[server-1.0-SNAPSHOT.jar:?]
	at com.jcraft.jsch.Session.setPortForwardingL(Session.java:1792) ~[server-1.0-SNAPSHOT.jar:?]
	at network.SSHConnection.run(SSHConnection.java:51) ~[server-1.0-SNAPSHOT.jar:?]
	at java.lang.Thread.run(Thread.java:1575) [?:?]
Caused by: java.net.BindException: Address already in use
	at sun.nio.ch.Net.bind0(Native Method) ~[?:?]
	at sun.nio.ch.Net.bind(Net.java:565) ~[?:?]
	at sun.nio.ch.Net.bind(Net.java:554) ~[?:?]
	at sun.nio.ch.NioSocketImpl.bind(NioSocketImpl.java:636) ~[?:?]
	at java.net.ServerSocket.bind(ServerSocket.java:389) ~[?:?]
	at java.net.ServerSocket.<init>(ServerSocket.java:276) ~[?:?]
	at com.jcraft.jsch.PortWatcher.<init>(PortWatcher.java:150) ~[server-1.0-SNAPSHOT.jar:?]
	... 7 more
2025-06-13 18:49:23.173 [SSH-Tunnel-Thread] INFO  network.SSHConnection - SSH-туннель закрыт.
2025-06-13 18:49:32.444 [main] FATAL managers.DatabaseManager - Не удалось подключиться к базе данных: Не удалось установить SSH-соединение в течение 10 секунд.
java.sql.SQLException: Не удалось установить SSH-соединение в течение 10 секунд.
	at managers.DatabaseManager.initialize(DatabaseManager.java:43) [server-1.0-SNAPSHOT.jar:?]
	at managers.CollectionManager.<init>(CollectionManager.java:54) [server-1.0-SNAPSHOT.jar:?]
	at ServerMain.main(ServerMain.java:14) [server-1.0-SNAPSHOT.jar:?]
2025-06-13 18:52:54.009 [SSH-Tunnel-Thread] ERROR network.SSHConnection - Ошибка SSH-туннеля (JSchException): PortForwardingL: local port 127.0.0.1:8888 cannot be bound.
com.jcraft.jsch.JSchException: PortForwardingL: local port 127.0.0.1:8888 cannot be bound.
	at com.jcraft.jsch.PortWatcher.<init>(PortWatcher.java:158) ~[server-1.0-SNAPSHOT.jar:?]
	at com.jcraft.jsch.PortWatcher.addPort(PortWatcher.java:110) ~[server-1.0-SNAPSHOT.jar:?]
	at com.jcraft.jsch.Session.setPortForwardingL(Session.java:1847) ~[server-1.0-SNAPSHOT.jar:?]
	at com.jcraft.jsch.Session.setPortForwardingL(Session.java:1828) ~[server-1.0-SNAPSHOT.jar:?]
	at com.jcraft.jsch.Session.setPortForwardingL(Session.java:1809) ~[server-1.0-SNAPSHOT.jar:?]
	at com.jcraft.jsch.Session.setPortForwardingL(Session.java:1792) ~[server-1.0-SNAPSHOT.jar:?]
	at network.SSHConnection.run(SSHConnection.java:51) ~[server-1.0-SNAPSHOT.jar:?]
	at java.lang.Thread.run(Thread.java:1575) [?:?]
Caused by: java.net.BindException: Address already in use
	at sun.nio.ch.Net.bind0(Native Method) ~[?:?]
	at sun.nio.ch.Net.bind(Net.java:565) ~[?:?]
	at sun.nio.ch.Net.bind(Net.java:554) ~[?:?]
	at sun.nio.ch.NioSocketImpl.bind(NioSocketImpl.java:636) ~[?:?]
	at java.net.ServerSocket.bind(ServerSocket.java:389) ~[?:?]
	at java.net.ServerSocket.<init>(ServerSocket.java:276) ~[?:?]
	at com.jcraft.jsch.PortWatcher.<init>(PortWatcher.java:150) ~[server-1.0-SNAPSHOT.jar:?]
	... 7 more
2025-06-13 18:52:54.023 [SSH-Tunnel-Thread] INFO  network.SSHConnection - SSH-туннель закрыт.
2025-06-13 18:53:03.089 [main] FATAL managers.DatabaseManager - Не удалось подключиться к базе данных: Не удалось установить SSH-соединение в течение 10 секунд.
java.sql.SQLException: Не удалось установить SSH-соединение в течение 10 секунд.
	at managers.DatabaseManager.initialize(DatabaseManager.java:43) [server-1.0-SNAPSHOT.jar:?]
	at managers.CollectionManager.<init>(CollectionManager.java:54) [server-1.0-SNAPSHOT.jar:?]
	at ServerMain.main(ServerMain.java:14) [server-1.0-SNAPSHOT.jar:?]
2025-06-13 18:53:05.498 [SSH-Tunnel-Thread] ERROR network.SSHConnection - Ошибка SSH-туннеля (JSchException): PortForwardingL: local port 127.0.0.1:8888 cannot be bound.
com.jcraft.jsch.JSchException: PortForwardingL: local port 127.0.0.1:8888 cannot be bound.
	at com.jcraft.jsch.PortWatcher.<init>(PortWatcher.java:158) ~[server-1.0-SNAPSHOT.jar:?]
	at com.jcraft.jsch.PortWatcher.addPort(PortWatcher.java:110) ~[server-1.0-SNAPSHOT.jar:?]
	at com.jcraft.jsch.Session.setPortForwardingL(Session.java:1847) ~[server-1.0-SNAPSHOT.jar:?]
	at com.jcraft.jsch.Session.setPortForwardingL(Session.java:1828) ~[server-1.0-SNAPSHOT.jar:?]
	at com.jcraft.jsch.Session.setPortForwardingL(Session.java:1809) ~[server-1.0-SNAPSHOT.jar:?]
	at com.jcraft.jsch.Session.setPortForwardingL(Session.java:1792) ~[server-1.0-SNAPSHOT.jar:?]
	at network.SSHConnection.run(SSHConnection.java:51) ~[server-1.0-SNAPSHOT.jar:?]
	at java.lang.Thread.run(Thread.java:1575) [?:?]
Caused by: java.net.BindException: Address already in use
	at sun.nio.ch.Net.bind0(Native Method) ~[?:?]
	at sun.nio.ch.Net.bind(Net.java:565) ~[?:?]
	at sun.nio.ch.Net.bind(Net.java:554) ~[?:?]
	at sun.nio.ch.NioSocketImpl.bind(NioSocketImpl.java:636) ~[?:?]
	at java.net.ServerSocket.bind(ServerSocket.java:389) ~[?:?]
	at java.net.ServerSocket.<init>(ServerSocket.java:276) ~[?:?]
	at com.jcraft.jsch.PortWatcher.<init>(PortWatcher.java:150) ~[server-1.0-SNAPSHOT.jar:?]
	... 7 more
2025-06-13 18:53:05.518 [SSH-Tunnel-Thread] INFO  network.SSHConnection - SSH-туннель закрыт.
2025-06-13 18:53:14.546 [main] FATAL managers.DatabaseManager - Не удалось подключиться к базе данных: Не удалось установить SSH-соединение в течение 10 секунд.
java.sql.SQLException: Не удалось установить SSH-соединение в течение 10 секунд.
	at managers.DatabaseManager.initialize(DatabaseManager.java:43) [server-1.0-SNAPSHOT.jar:?]
	at managers.CollectionManager.<init>(CollectionManager.java:54) [server-1.0-SNAPSHOT.jar:?]
	at ServerMain.main(ServerMain.java:14) [server-1.0-SNAPSHOT.jar:?]
2025-06-13 18:53:21.366 [SSH-Tunnel-Thread] INFO  network.SSHConnection - SSH-туннель создан: localhost:8888 -> pg:5432 через se.ifmo.ru
2025-06-13 18:53:22.349 [main] INFO  managers.DatabaseManager - Успешное подключение к БД через SSH-туннель
2025-06-13 18:53:22.435 [main] INFO  managers.DatabaseManager - Загружено 0 HumanBeing'ов из БД.
2025-06-13 18:53:22.440 [main] INFO  network.TCPServer - Сервер запущен на порту 5556
2025-06-13 18:53:22.440 [AdminInputThread] INFO  network.TCPServer - Доступен интерактивный режим админа
2025-06-13 18:54:04.592 [AdminInputThread] INFO  network.TCPServer - Выполнение команды администратора: уexit
2025-06-13 18:54:07.676 [AdminInputThread] INFO  network.TCPServer - Получена команда на завершение работы сервера
2025-06-13 18:54:07.677 [AdminInputThread] INFO  network.TCPServer - Начало отключения сервера
2025-06-13 18:54:07.682 [main] INFO  network.TCPServer - Сервер остановлен!
2025-06-13 18:54:07.686 [AdminInputThread] INFO  managers.DatabaseManager - Соединение с БД закрыто.
2025-06-13 18:54:07.689 [AdminInputThread] INFO  network.SSHConnection - SSH-туннель закрыт.
2025-06-13 18:54:07.689 [AdminInputThread] INFO  network.TCPServer - Сервер успешно остановлен
